date,date_id,year,month,quarter,fiscal_year
2018-02-02,1,2018,2,1,2018
2016-08-31,2,2016,8,3,2016
2017-03-31,3,2017,3,1,2017
2015-04-30,4,2015,4,2,2015
2012-09-12,5,2012,9,3,2012
2015-09-11,6,2015,9,3,2015
2015-03-31,7,2015,3,1,2015
2016-07-29,8,2016,7,3,2016
2017-06-30,9,2017,6,2,2017
2016-09-28,10,2016,9,3,2016
2016-03-30,11,2016,3,1,2016
2012-11-08,12,2012,11,4,2013
2013-12-02,13,2013,12,4,2014
2012-01-14,14,2012,1,1,2012
2016-12-01,15,2016,12,4,2017
2015-09-29,16,2015,9,3,2015
2016-11-02,17,2016,11,4,2017
2016-10-28,18,2016,10,4,2017
2016-10-25,19,2016,10,4,2017
2013-06-03,20,2013,6,2,2013
2013-04-30,21,2013,4,2,2013
2013-04-05,22,2013,4,2,2013
2014-05-28,23,2014,5,2,2014
2006-02-08,24,2006,2,1,2006
2014-02-20,25,2014,2,1,2014
2014-12-08,26,2014,12,4,2015
2014-06-25,27,2014,6,2,2014
2014-04-08,28,2014,4,2,2014
2013-01-16,29,2013,1,1,2013
2011-10-18,30,2011,10,4,2012
2014-04-22,31,2014,4,2,2014
2011-10-11,32,2011,10,4,2012
2012-09-28,33,2012,9,3,2012
2011-12-07,34,2011,12,4,2012
2017-09-08,35,2017,9,3,2017
2015-05-20,36,2015,5,2,2015
2014-10-28,37,2014,10,4,2015
2009-10-06,38,2009,10,4,2010
2010-06-21,39,2010,6,2,2010
2014-09-17,40,2014,9,3,2014
2015-09-28,41,2015,9,3,2015
2007-12-27,42,2007,12,4,2008
2010-12-20,43,2010,12,4,2011
2009-07-08,44,2009,7,3,2009
2017-05-30,45,2017,5,2,2017
2017-05-10,46,2017,5,2,2017
2014-07-14,47,2014,7,3,2014
2015-10-27,48,2015,10,4,2016
2017-09-28,49,2017,9,3,2017
2016-02-24,50,2016,2,1,2016
2009-09-29,51,2009,9,3,2009
2013-04-08,52,2013,4,2,2013
2017-03-21,53,2017,3,1,2017
2017-01-18,54,2017,1,1,2017
2016-09-21,55,2016,9,3,2016
2017-05-26,56,2017,5,2,2017
2017-05-25,57,2017,5,2,2017
2012-10-28,58,2012,10,4,2013
2016-07-12,59,2016,7,3,2016
2012-08-08,60,2012,8,3,2012
2016-07-08,61,2016,7,3,2016
2017-05-16,62,2017,5,2,2017
2016-07-07,63,2016,7,3,2016
2016-05-25,64,2016,5,2,2016
2017-02-10,65,2017,2,1,2017
2016-11-16,66,2016,11,4,2017
2012-02-28,67,2012,2,1,2012
2016-09-01,68,2016,9,3,2016
2013-07-30,69,2013,7,3,2013
2017-04-18,70,2017,4,2,2017
2016-03-10,71,2016,3,1,2016
2016-08-30,72,2016,8,3,2016
2016-08-16,73,2016,8,3,2016
2012-02-17,74,2012,2,1,2012
2012-09-17,75,2012,9,3,2012
2016-02-16,76,2016,2,1,2016
2016-06-30,77,2016,6,2,2016
2014-08-22,78,2014,8,3,2014
2013-08-29,79,2013,8,3,2013
2015-04-23,80,2015,4,2,2015
2015-09-01,81,2015,9,3,2015
2014-09-23,82,2014,9,3,2014
2014-09-25,83,2014,9,3,2014
2011-10-01,84,2011,10,4,2012
2011-03-16,85,2011,3,1,2011
2011-10-03,86,2011,10,4,2012
2024-09-09,87,2024,9,3,2024
2024-09-06,88,2024,9,3,2024
2024-09-05,89,2024,9,3,2024
2024-08-13,90,2024,8,3,2024
2024-08-21,91,2024,8,3,2024
2024-10-01,92,2024,10,4,2025
2024-07-18,93,2024,7,3,2024
2024-08-01,94,2024,8,3,2024
2024-06-26,95,2024,6,2,2024
2024-06-24,96,2024,6,2,2024
2024-06-17,97,2024,6,2,2024
2024-06-13,98,2024,6,2,2024
2024-05-14,99,2024,5,2,2024
2024-05-02,100,2024,5,2,2024
2024-08-29,101,2024,8,3,2024
2024-04-30,102,2024,4,2,2024
2024-01-30,103,2024,1,1,2024
2024-01-31,104,2024,1,1,2024
2024-09-01,105,2024,9,3,2024
2023-09-18,106,2023,9,3,2023
2023-09-01,107,2023,9,3,2023
2023-09-30,108,2023,9,3,2023
2023-08-28,109,2023,8,3,2023
2023-08-18,110,2023,8,3,2023
2022-09-30,111,2022,9,3,2022
2021-06-08,112,2021,6,2,2021
2020-12-12,113,2020,12,4,2021
2024-09-24,114,2024,9,3,2024
2024-09-13,115,2024,9,3,2024
2024-09-04,116,2024,9,3,2024
2024-08-27,117,2024,8,3,2024
2024-07-22,118,2024,7,3,2024
2024-07-31,119,2024,7,3,2024
2024-07-10,120,2024,7,3,2024
2024-07-09,121,2024,7,3,2024
2024-07-03,122,2024,7,3,2024
2024-07-05,123,2024,7,3,2024
2024-05-15,124,2024,5,2,2024
2024-04-29,125,2024,4,2,2024
2024-04-22,126,2024,4,2,2024
2024-04-09,127,2024,4,2,2024
2024-08-12,128,2024,8,3,2024
2024-04-10,129,2024,4,2,2024
2024-03-27,130,2024,3,1,2024
2024-03-19,131,2024,3,1,2024
2024-02-05,132,2024,2,1,2024
2024-01-12,133,2024,1,1,2024
2023-11-30,134,2023,11,4,2024
2023-11-02,135,2023,11,4,2024
2024-04-01,136,2024,4,2,2024
2024-03-18,137,2024,3,1,2024
2024-01-04,138,2024,1,1,2024
2023-11-29,139,2023,11,4,2024
2023-11-28,140,2023,11,4,2024
2023-11-01,141,2023,11,4,2024
2023-10-29,142,2023,10,4,2024
2023-10-20,143,2023,10,4,2024
2023-10-17,144,2023,10,4,2024
2024-09-25,145,2024,9,3,2024
2024-09-23,146,2024,9,3,2024
2024-09-19,147,2024,9,3,2024
2024-09-18,148,2024,9,3,2024
2024-09-20,149,2024,9,3,2024
2024-08-15,150,2024,8,3,2024
2024-08-16,151,2024,8,3,2024
2024-07-11,152,2024,7,3,2024
2024-08-07,153,2024,8,3,2024
2024-06-06,154,2024,6,2,2024
2024-03-11,155,2024,3,1,2024
2024-03-08,156,2024,3,1,2024
2023-11-06,157,2023,11,4,2024
2023-09-25,158,2023,9,3,2023
2023-08-04,159,2023,8,3,2023
2023-01-01,160,2023,1,1,2023
2021-12-22,161,2021,12,4,2022
2019-04-01,162,2019,4,2,2019
2019-10-01,163,2019,10,4,2020
2023-12-01,164,2023,12,4,2024
2023-10-01,165,2023,10,4,2024
2024-07-01,166,2024,7,3,2024
2024-06-01,167,2024,6,2,2024
2024-05-01,168,2024,5,2,2024
2024-03-01,169,2024,3,1,2024
2024-02-01,170,2024,2,1,2024
2024-01-01,171,2024,1,1,2024
2024-09-27,172,2024,9,3,2024
2024-09-30,173,2024,9,3,2024
2024-09-29,174,2024,9,3,2024
2024-09-17,175,2024,9,3,2024
2024-09-16,176,2024,9,3,2024
2024-08-30,177,2024,8,3,2024
2024-09-12,178,2024,9,3,2024
2024-08-23,179,2024,8,3,2024
2024-08-18,180,2024,8,3,2024
2024-08-26,181,2024,8,3,2024
2024-08-31,182,2024,8,3,2024
2024-08-19,183,2024,8,3,2024
2024-07-29,184,2024,7,3,2024
2024-06-27,185,2024,6,2,2024
2024-07-24,186,2024,7,3,2024
2024-06-16,187,2024,6,2,2024
2024-08-06,188,2024,8,3,2024
2024-05-31,189,2024,5,2,2024
2024-06-12,190,2024,6,2,2024
2024-05-21,191,2024,5,2,2024
2024-05-08,192,2024,5,2,2024
2024-05-03,193,2024,5,2,2024
2024-05-20,194,2024,5,2,2024
2024-04-25,195,2024,4,2,2024
2024-04-15,196,2024,4,2,2024
2024-04-02,197,2024,4,2,2024
2024-09-07,198,2024,9,3,2024
2024-03-29,199,2024,3,1,2024
2024-03-21,200,2024,3,1,2024
2024-09-26,201,2024,9,3,2024
2024-01-29,202,2024,1,1,2024
2023-12-18,203,2023,12,4,2024
2023-12-21,204,2023,12,4,2024
2024-09-03,205,2024,9,3,2024
2024-08-22,206,2024,8,3,2024
2024-07-16,207,2024,7,3,2024
2024-07-15,208,2024,7,3,2024
2024-05-22,209,2024,5,2,2024
2024-04-16,210,2024,4,2,2024
2024-04-05,211,2024,4,2,2024
2024-03-07,212,2024,3,1,2024
2024-02-02,213,2024,2,1,2024
2023-12-08,214,2023,12,4,2024
2023-12-05,215,2023,12,4,2024
2023-12-04,216,2023,12,4,2024
2024-09-08,217,2024,9,3,2024
2024-08-28,218,2024,8,3,2024
2024-08-14,219,2024,8,3,2024
2024-08-08,220,2024,8,3,2024
2024-08-05,221,2024,8,3,2024
2024-07-21,222,2024,7,3,2024
2024-07-12,223,2024,7,3,2024
2024-07-19,224,2024,7,3,2024
2024-05-30,225,2024,5,2,2024
2024-05-24,226,2024,5,2,2024
2024-05-18,227,2024,5,2,2024
2024-06-30,228,2024,6,2,2024
2024-05-10,229,2024,5,2,2024
2024-05-05,230,2024,5,2,2024
2024-05-07,231,2024,5,2,2024
2024-04-24,232,2024,4,2,2024
2024-04-19,233,2024,4,2,2024
2024-05-25,234,2024,5,2,2024
2024-04-12,235,2024,4,2,2024
2024-04-04,236,2024,4,2,2024
2024-04-17,237,2024,4,2,2024
2024-04-26,238,2024,4,2,2024
2024-03-20,239,2024,3,1,2024
2024-07-26,240,2024,7,3,2024
2024-06-25,241,2024,6,2,2024
2024-03-22,242,2024,3,1,2024
2024-03-13,243,2024,3,1,2024
2024-02-29,244,2024,2,1,2024
2024-02-28,245,2024,2,1,2024
2024-02-24,246,2024,2,1,2024
2024-03-28,247,2024,3,1,2024
2024-02-21,248,2024,2,1,2024
2024-02-07,249,2024,2,1,2024
2024-02-15,250,2024,2,1,2024
2024-02-12,251,2024,2,1,2024
2024-04-08,252,2024,4,2,2024
2024-02-08,253,2024,2,1,2024
2024-01-22,254,2024,1,1,2024
2024-01-23,255,2024,1,1,2024
2024-01-11,256,2024,1,1,2024
2023-12-16,257,2023,12,4,2024
2023-10-10,258,2023,10,4,2024
2023-10-27,259,2023,10,4,2024
2023-09-29,260,2023,9,3,2023
2023-09-28,261,2023,9,3,2023
2023-09-26,262,2023,9,3,2023
2023-09-22,263,2023,9,3,2023
2023-09-20,264,2023,9,3,2023
2023-09-11,265,2023,9,3,2023
2023-09-19,266,2023,9,3,2023
2023-08-14,267,2023,8,3,2023
2023-08-09,268,2023,8,3,2023
2023-07-31,269,2023,7,3,2023
2023-07-24,270,2023,7,3,2023
2023-07-26,271,2023,7,3,2023
2023-09-21,272,2023,9,3,2023
2023-06-12,273,2023,6,2,2023
2023-06-05,274,2023,6,2,2023
2023-06-06,275,2023,6,2,2023
2023-08-01,276,2023,8,3,2023
2023-03-30,277,2023,3,1,2023
2023-04-05,278,2023,4,2,2023
2023-04-14,279,2023,4,2,2023
2023-03-20,280,2023,3,1,2023
2023-05-01,281,2023,5,2,2023
2023-03-09,282,2023,3,1,2023
2023-02-17,283,2023,2,1,2023
2022-12-17,284,2022,12,4,2023
2022-11-01,285,2022,11,4,2023
2022-11-08,286,2022,11,4,2023
2023-09-27,287,2023,9,3,2023
2023-08-25,288,2023,8,3,2023
2023-08-22,289,2023,8,3,2023
2023-07-25,290,2023,7,3,2023
2023-08-30,291,2023,8,3,2023
2023-08-31,292,2023,8,3,2023
2023-10-31,293,2023,10,4,2024
2023-07-21,294,2023,7,3,2023
2023-07-01,295,2023,7,3,2023
2023-06-01,296,2023,6,2,2023
2023-04-21,297,2023,4,2,2023
2023-03-22,298,2023,3,1,2023
2023-02-21,299,2023,2,1,2023
2023-01-29,300,2023,1,1,2023
2023-01-15,301,2023,1,1,2023
2022-12-22,302,2022,12,4,2023
2022-12-01,303,2022,12,4,2023
2022-10-24,304,2022,10,4,2023
2023-02-28,305,2023,2,1,2023
2022-10-01,306,2022,10,4,2023
2022-09-27,307,2022,9,3,2022
2022-09-19,308,2022,9,3,2022
2022-09-07,309,2022,9,3,2022
2022-09-22,310,2022,9,3,2022
2022-09-20,311,2022,9,3,2022
2022-09-12,312,2022,9,3,2022
2022-09-08,313,2022,9,3,2022
2022-08-17,314,2022,8,3,2022
2022-09-03,315,2022,9,3,2022
2022-09-21,316,2022,9,3,2022
2022-07-29,317,2022,7,3,2022
2022-09-13,318,2022,9,3,2022
2022-08-23,319,2022,8,3,2022
2022-06-28,320,2022,6,2,2022
2022-07-01,321,2022,7,3,2022
2022-06-15,322,2022,6,2,2022
2022-06-10,323,2022,6,2,2022
2022-06-14,324,2022,6,2,2022
2022-06-18,325,2022,6,2,2022
2022-06-23,326,2022,6,2,2022
2022-04-28,327,2022,4,2,2022
2022-02-11,328,2022,2,1,2022
2022-02-23,329,2022,2,1,2022
2022-02-26,330,2022,2,1,2022
2022-02-04,331,2022,2,1,2022
2021-12-11,332,2021,12,4,2022
2022-09-28,333,2022,9,3,2022
2022-09-26,334,2022,9,3,2022
2022-09-16,335,2022,9,3,2022
2022-08-05,336,2022,8,3,2022
2022-06-30,337,2022,6,2,2022
2022-05-05,338,2022,5,2,2022
2022-03-23,339,2022,3,1,2022
2021-12-15,340,2021,12,4,2022
2021-09-29,341,2021,9,3,2021
2021-10-01,342,2021,10,4,2022
2021-09-22,343,2021,9,3,2021
2021-09-30,344,2021,9,3,2021
2021-07-31,345,2021,7,3,2021
2021-06-10,346,2021,6,2,2021
2021-06-09,347,2021,6,2,2021
2021-05-21,348,2021,5,2,2021
2021-03-04,349,2021,3,1,2021
2021-02-28,350,2021,2,1,2021
2020-12-27,351,2020,12,4,2021
2020-12-17,352,2020,12,4,2021
2021-09-28,353,2021,9,3,2021
2021-09-24,354,2021,9,3,2021
2021-09-15,355,2021,9,3,2021
2021-08-19,356,2021,8,3,2021
2021-07-29,357,2021,7,3,2021
2021-06-17,358,2021,6,2,2021
2020-10-01,359,2020,10,4,2021
2020-09-22,360,2020,9,3,2020
2020-09-29,361,2020,9,3,2020
2020-08-24,362,2020,8,3,2020
2020-09-01,363,2020,9,3,2020
2020-08-15,364,2020,8,3,2020
2020-08-06,365,2020,8,3,2020
2020-06-11,366,2020,6,2,2020
2020-06-21,367,2020,6,2,2020
2020-04-16,368,2020,4,2,2020
2020-02-28,369,2020,2,1,2020
2020-05-01,370,2020,5,2,2020
2020-01-03,371,2020,1,1,2020
2020-09-18,372,2020,9,3,2020
2020-05-20,373,2020,5,2,2020
2019-08-29,374,2019,8,3,2019
2019-08-30,375,2019,8,3,2019
2019-03-01,376,2019,3,1,2019
2019-07-01,377,2019,7,3,2019
2009-10-01,378,2009,10,4,2010
2024-11-01,379,2024,11,4,2025
2024-09-02,380,2024,9,3,2024
2024-11-24,381,2024,11,4,2025
2024-07-30,382,2024,7,3,2024
2024-06-28,383,2024,6,2,2024
2024-07-08,384,2024,7,3,2024
2024-05-17,385,2024,5,2,2024
2024-05-29,386,2024,5,2,2024
2024-03-25,387,2024,3,1,2024
2024-06-22,388,2024,6,2,2024
2024-02-22,389,2024,2,1,2024
2024-02-14,390,2024,2,1,2024
2024-01-16,391,2024,1,1,2024
2023-12-28,392,2023,12,4,2024
2023-12-22,393,2023,12,4,2024
2023-11-17,394,2023,11,4,2024
2023-11-21,395,2023,11,4,2024
2024-01-02,396,2024,1,1,2024
2023-12-11,397,2023,12,4,2024
2023-10-25,398,2023,10,4,2024
2024-09-10,399,2024,9,3,2024
2024-07-17,400,2024,7,3,2024
2024-05-09,401,2024,5,2,2024
2024-04-03,402,2024,4,2,2024
2024-02-27,403,2024,2,1,2024
2024-02-06,404,2024,2,1,2024
2024-01-05,405,2024,1,1,2024
2023-11-14,406,2023,11,4,2024
2024-09-28,407,2024,9,3,2024
2024-09-21,408,2024,9,3,2024
2024-08-09,409,2024,8,3,2024
2024-06-18,410,2024,6,2,2024
2024-06-03,411,2024,6,2,2024
2024-05-16,412,2024,5,2,2024
2024-05-13,413,2024,5,2,2024
2024-08-20,414,2024,8,3,2024
2025-01-31,415,2025,1,1,2025
2024-04-18,416,2024,4,2,2024
2023-09-23,417,2023,9,3,2023
2024-03-09,418,2024,3,1,2024
2024-03-05,419,2024,3,1,2024
2024-02-26,420,2024,2,1,2024
2024-03-15,421,2024,3,1,2024
2024-02-20,422,2024,2,1,2024
2024-02-13,423,2024,2,1,2024
2024-02-16,424,2024,2,1,2024
2024-03-02,425,2024,3,1,2024
2024-01-26,426,2024,1,1,2024
2024-01-19,427,2024,1,1,2024
2023-12-14,428,2023,12,4,2024
2023-12-29,429,2023,12,4,2024
2023-11-22,430,2023,11,4,2024
2023-11-27,431,2023,11,4,2024
2023-11-10,432,2023,11,4,2024
2023-11-13,433,2023,11,4,2024
2023-11-08,434,2023,11,4,2024
2023-10-06,435,2023,10,4,2024
2023-10-13,436,2023,10,4,2024
2024-12-01,437,2024,12,4,2025
2023-11-15,438,2023,11,4,2024
2023-09-16,439,2023,9,3,2023
2023-09-24,440,2023,9,3,2023
2023-09-15,441,2023,9,3,2023
2023-09-13,442,2023,9,3,2023
2023-09-07,443,2023,9,3,2023
2023-08-21,444,2023,8,3,2023
2023-08-11,445,2023,8,3,2023
2023-07-20,446,2023,7,3,2023
2023-06-08,447,2023,6,2,2023
2023-05-17,448,2023,5,2,2023
2023-04-28,449,2023,4,2,2023
2023-05-02,450,2023,5,2,2023
2023-05-05,451,2023,5,2,2023
2023-05-18,452,2023,5,2,2023
2023-04-01,453,2023,4,2,2023
2022-12-16,454,2022,12,4,2023
2023-07-19,455,2023,7,3,2023
2023-06-30,456,2023,6,2,2023
2023-05-16,457,2023,5,2,2023
2023-05-26,458,2023,5,2,2023
2023-04-20,459,2023,4,2,2023
2023-04-27,460,2023,4,2,2023
2023-05-31,461,2023,5,2,2023
2023-04-10,462,2023,4,2,2023
2023-04-19,463,2023,4,2,2023
2023-01-31,464,2023,1,1,2023
2023-02-01,465,2023,2,1,2023
2023-03-01,466,2023,3,1,2023
2022-12-14,467,2022,12,4,2023
2023-01-05,468,2023,1,1,2023
2022-11-18,469,2022,11,4,2023
2023-10-16,470,2023,10,4,2024
2023-02-07,471,2023,2,1,2023
2022-09-01,472,2022,9,3,2022
2022-08-26,473,2022,8,3,2022
2022-08-29,474,2022,8,3,2022
2022-09-23,475,2022,9,3,2022
2022-08-15,476,2022,8,3,2022
2022-07-18,477,2022,7,3,2022
2022-08-01,478,2022,8,3,2022
2022-07-25,479,2022,7,3,2022
2022-08-30,480,2022,8,3,2022
2022-05-18,481,2022,5,2,2022
2022-05-01,482,2022,5,2,2022
2022-05-15,483,2022,5,2,2022
2022-04-29,484,2022,4,2,2022
2022-08-25,485,2022,8,3,2022
2022-04-01,486,2022,4,2,2022
2022-03-30,487,2022,3,1,2022
2022-03-21,488,2022,3,1,2022
2022-03-09,489,2022,3,1,2022
2022-03-01,490,2022,3,1,2022
2021-12-01,491,2021,12,4,2022
2022-09-29,492,2022,9,3,2022
2022-08-16,493,2022,8,3,2022
2022-08-02,494,2022,8,3,2022
2022-07-28,495,2022,7,3,2022
2022-06-27,496,2022,6,2,2022
2022-06-17,497,2022,6,2,2022
2022-06-01,498,2022,6,2,2022
2022-05-31,499,2022,5,2,2022
2022-05-25,500,2022,5,2,2022
2022-05-16,501,2022,5,2,2022
2022-05-11,502,2022,5,2,2022
2022-05-12,503,2022,5,2,2022
2022-01-31,504,2022,1,1,2022
2022-05-17,505,2022,5,2,2022
2022-04-08,506,2022,4,2,2022
2021-09-27,507,2021,9,3,2021
2021-09-01,508,2021,9,3,2021
2021-09-26,509,2021,9,3,2021
2021-08-23,510,2021,8,3,2021
2021-08-20,511,2021,8,3,2021
2021-11-01,512,2021,11,4,2022
2021-08-06,513,2021,8,3,2021
2021-09-16,514,2021,9,3,2021
2021-07-14,515,2021,7,3,2021
2021-07-20,516,2021,7,3,2021
2021-07-01,517,2021,7,3,2021
2021-07-06,518,2021,7,3,2021
2021-06-01,519,2021,6,2,2021
2021-09-18,520,2021,9,3,2021
2021-05-01,521,2021,5,2,2021
2021-04-21,522,2021,4,2,2021
2021-04-16,523,2021,4,2,2021
2021-04-01,524,2021,4,2,2021
2021-02-25,525,2021,2,1,2021
2021-01-27,526,2021,1,1,2021
2021-01-15,527,2021,1,1,2021
2021-01-14,528,2021,1,1,2021
2020-12-23,529,2020,12,4,2021
2021-01-01,530,2021,1,1,2021
2020-11-01,531,2020,11,4,2021
2021-07-16,532,2021,7,3,2021
2021-06-04,533,2021,6,2,2021
2021-05-15,534,2021,5,2,2021
2021-05-13,535,2021,5,2,2021
2021-08-15,536,2021,8,3,2021
2021-02-05,537,2021,2,1,2021
2021-09-23,538,2021,9,3,2021
2021-06-07,539,2021,6,2,2021
2021-04-30,540,2021,4,2,2021
2021-05-20,541,2021,5,2,2021
2021-01-04,542,2021,1,1,2021
2020-11-15,543,2020,11,4,2021
2020-09-20,544,2020,9,3,2020
2020-09-15,545,2020,9,3,2020
2020-09-30,546,2020,9,3,2020
2020-09-17,547,2020,9,3,2020
2020-09-09,548,2020,9,3,2020
2020-08-17,549,2020,8,3,2020
2020-09-14,550,2020,9,3,2020
2020-07-01,551,2020,7,3,2020
2020-06-24,552,2020,6,2,2020
2020-07-21,553,2020,7,3,2020
2020-08-01,554,2020,8,3,2020
2020-04-01,555,2020,4,2,2020
2020-03-17,556,2020,3,1,2020
2020-02-14,557,2020,2,1,2020
2020-02-13,558,2020,2,1,2020
2019-11-20,559,2019,11,4,2020
2019-10-30,560,2019,10,4,2020
2020-02-01,561,2020,2,1,2020
2020-01-15,562,2020,1,1,2020
2020-01-10,563,2020,1,1,2020
2019-12-20,564,2019,12,4,2020
2019-12-01,565,2019,12,4,2020
2020-09-21,566,2020,9,3,2020
2020-02-03,567,2020,2,1,2020
2019-09-18,568,2019,9,3,2019
2019-09-13,569,2019,9,3,2019
2019-09-01,570,2019,9,3,2019
2019-08-08,571,2019,8,3,2019
2019-07-19,572,2019,7,3,2019
2019-07-15,573,2019,7,3,2019
2019-05-20,574,2019,5,2,2019
2019-05-05,575,2019,5,2,2019
2019-09-30,576,2019,9,3,2019
2020-01-01,577,2020,1,1,2020
2019-09-04,578,2019,9,3,2019
2019-08-26,579,2019,8,3,2019
2019-08-16,580,2019,8,3,2019
2019-08-14,581,2019,8,3,2019
2019-07-10,582,2019,7,3,2019
2019-06-24,583,2019,6,2,2019
2019-06-13,584,2019,6,2,2019
2019-04-25,585,2019,4,2,2019
2019-03-05,586,2019,3,1,2019
2019-09-26,587,2019,9,3,2019
2019-04-18,588,2019,4,2,2019
2018-09-24,589,2018,9,3,2018
2018-10-01,590,2018,10,4,2019
2018-09-01,591,2018,9,3,2018
2017-10-01,592,2017,10,4,2018
2024-01-09,593,2024,1,1,2024
2024-06-19,594,2024,6,2,2024
2024-04-23,595,2024,4,2,2024
2023-12-31,596,2023,12,4,2024
2022-02-14,597,2022,2,1,2022
2021-09-19,598,2021,9,3,2021
2021-02-19,599,2021,2,1,2021
2020-09-26,600,2020,9,3,2020
2024-01-24,601,2024,1,1,2024
2024-01-03,602,2024,1,1,2024
2024-07-13,603,2024,7,3,2024
2024-06-11,604,2024,6,2,2024
2024-06-07,605,2024,6,2,2024
2024-06-15,606,2024,6,2,2024
2024-03-26,607,2024,3,1,2024
2024-02-23,608,2024,2,1,2024
2023-11-03,609,2023,11,4,2024
2023-08-16,610,2023,8,3,2023
2023-08-23,611,2023,8,3,2023
2023-08-10,612,2023,8,3,2023
2023-08-07,613,2023,8,3,2023
2023-07-14,614,2023,7,3,2023
2023-06-09,615,2023,6,2,2023
2023-07-10,616,2023,7,3,2023
2024-08-10,617,2024,8,3,2024
2023-02-22,618,2023,2,1,2023
2022-12-15,619,2022,12,4,2023
2022-11-21,620,2022,11,4,2023
2023-09-06,621,2023,9,3,2023
2022-07-21,622,2022,7,3,2022
2022-07-15,623,2022,7,3,2022
2022-01-01,624,2022,1,1,2022
2021-08-01,625,2021,8,3,2021
2020-11-30,626,2020,11,4,2021
2020-11-05,627,2020,11,4,2021
2020-07-22,628,2020,7,3,2020
2020-06-01,629,2020,6,2,2020
2020-04-04,630,2020,4,2,2020
2019-12-06,631,2019,12,4,2020
2019-04-05,632,2019,4,2,2019
2019-09-20,633,2019,9,3,2019
2019-07-12,634,2019,7,3,2019
2019-06-20,635,2019,6,2,2019
2019-06-01,636,2019,6,2,2019
2018-09-30,637,2018,9,3,2018
2017-02-14,638,2017,2,1,2017
2011-09-30,639,2011,9,3,2011
2024-06-05,640,2024,6,2,2024
2024-06-02,641,2024,6,2,2024
2024-04-11,642,2024,4,2,2024
2023-02-23,643,2023,2,1,2023
2022-04-05,644,2022,4,2,2022
2021-09-02,645,2021,9,3,2021
2021-06-25,646,2021,6,2,2021
2021-04-27,647,2021,4,2,2021
2020-08-14,648,2020,8,3,2020
2020-06-30,649,2020,6,2,2020
2024-09-11,650,2024,9,3,2024
2024-07-23,651,2024,7,3,2024
2024-07-02,652,2024,7,3,2024
2024-01-18,653,2024,1,1,2024
2024-01-17,654,2024,1,1,2024
2023-11-09,655,2023,11,4,2024
2024-02-09,656,2024,2,1,2024
2023-11-16,657,2023,11,4,2024
2024-11-21,658,2024,11,4,2025
2024-06-20,659,2024,6,2,2024
2024-06-21,660,2024,6,2,2024
2024-06-14,661,2024,6,2,2024
2024-06-10,662,2024,6,2,2024
2024-05-28,663,2024,5,2,2024
2024-03-14,664,2024,3,1,2024
2023-02-14,665,2023,2,1,2023
2024-01-25,666,2024,1,1,2024
2023-12-20,667,2023,12,4,2024
2023-12-19,668,2023,12,4,2024
2023-12-07,669,2023,12,4,2024
2023-10-19,670,2023,10,4,2024
2023-10-18,671,2023,10,4,2024
2023-10-30,672,2023,10,4,2024
2024-03-30,673,2024,3,1,2024
2023-09-14,674,2023,9,3,2023
2023-08-24,675,2023,8,3,2023
2023-08-27,676,2023,8,3,2023
2023-08-17,677,2023,8,3,2023
2023-07-12,678,2023,7,3,2023
2023-03-16,679,2023,3,1,2023
2023-09-12,680,2023,9,3,2023
2023-08-29,681,2023,8,3,2023
2023-08-15,682,2023,8,3,2023
2023-06-15,683,2023,6,2,2023
2023-05-30,684,2023,5,2,2023
2023-06-02,685,2023,6,2,2023
2023-05-11,686,2023,5,2,2023
2023-05-03,687,2023,5,2,2023
2023-03-15,688,2023,3,1,2023
2023-03-03,689,2023,3,1,2023
2023-03-13,690,2023,3,1,2023
2023-02-09,691,2023,2,1,2023
2023-07-17,692,2023,7,3,2023
2023-06-04,693,2023,6,2,2023
2023-03-31,694,2023,3,1,2023
2023-03-14,695,2023,3,1,2023
2022-11-25,696,2022,11,4,2023
2022-09-02,697,2022,9,3,2022
2022-08-31,698,2022,8,3,2022
2022-07-14,699,2022,7,3,2022
2022-06-06,700,2022,6,2,2022
2022-04-22,701,2022,4,2,2022
2022-02-16,702,2022,2,1,2022
2022-09-14,703,2022,9,3,2022
2022-07-13,704,2022,7,3,2022
2022-06-09,705,2022,6,2,2022
2022-05-02,706,2022,5,2,2022
2022-04-21,707,2022,4,2,2022
2022-02-01,708,2022,2,1,2022
2021-12-10,709,2021,12,4,2022
2021-11-21,710,2021,11,4,2022
2022-05-26,711,2022,5,2,2022
2021-09-25,712,2021,9,3,2021
2021-09-14,713,2021,9,3,2021
2021-06-29,714,2021,6,2,2021
2021-02-08,715,2021,2,1,2021
2021-02-01,716,2021,2,1,2021
2020-12-01,717,2020,12,4,2021
2021-08-29,718,2021,8,3,2021
2021-09-07,719,2021,9,3,2021
2021-08-16,720,2021,8,3,2021
2021-05-29,721,2021,5,2,2021
2021-05-30,722,2021,5,2,2021
2021-07-15,723,2021,7,3,2021
2021-01-22,724,2021,1,1,2021
2021-01-06,725,2021,1,1,2021
2020-10-16,726,2020,10,4,2021
2020-12-16,727,2020,12,4,2021
2021-09-10,728,2021,9,3,2021
2021-09-20,729,2021,9,3,2021
2021-03-16,730,2021,3,1,2021
2021-03-24,731,2021,3,1,2021
2019-12-10,732,2019,12,4,2020
2019-11-05,733,2019,11,4,2020
2020-07-29,734,2020,7,3,2020
2020-08-08,735,2020,8,3,2020
2020-06-25,736,2020,6,2,2020
2020-02-02,737,2020,2,1,2020
2020-01-30,738,2020,1,1,2020
2019-12-18,739,2019,12,4,2020
2019-10-23,740,2019,10,4,2020
2019-10-04,741,2019,10,4,2020
2020-08-21,742,2020,8,3,2020
2020-08-09,743,2020,8,3,2020
2019-06-03,744,2019,6,2,2019
2018-11-01,745,2018,11,4,2019
2019-09-25,746,2019,9,3,2019
2019-09-09,747,2019,9,3,2019
2019-09-16,748,2019,9,3,2019
2019-08-06,749,2019,8,3,2019
2019-08-21,750,2019,8,3,2019
2019-07-25,751,2019,7,3,2019
2019-07-24,752,2019,7,3,2019
2019-06-28,753,2019,6,2,2019
2019-06-25,754,2019,6,2,2019
2019-06-22,755,2019,6,2,2019
2019-05-31,756,2019,5,2,2019
2019-01-22,757,2019,1,1,2019
2019-01-08,758,2019,1,1,2019
2018-12-10,759,2018,12,4,2019
2019-09-19,760,2019,9,3,2019
2019-09-10,761,2019,9,3,2019
2019-05-30,762,2019,5,2,2019
2019-02-01,763,2019,2,1,2019
2018-12-01,764,2018,12,4,2019
2018-07-18,765,2018,7,3,2018
2018-05-15,766,2018,5,2,2018
2018-05-12,767,2018,5,2,2018
2018-08-27,768,2018,8,3,2018
2018-08-23,769,2018,8,3,2018
2018-09-27,770,2018,9,3,2018
2017-09-30,771,2017,9,3,2017
2017-09-29,772,2017,9,3,2017
2017-03-27,773,2017,3,1,2017
2016-01-01,774,2016,1,1,2016
2013-06-01,775,2013,6,2,2013
2024-06-04,776,2024,6,2,2024
2024-07-07,777,2024,7,3,2024
2024-08-04,778,2024,8,3,2024
2024-06-23,779,2024,6,2,2024
2024-02-19,780,2024,2,1,2024
2024-02-10,781,2024,2,1,2024
2024-02-04,782,2024,2,1,2024
2023-10-24,783,2023,10,4,2024
2024-05-06,784,2024,5,2,2024
2024-03-23,785,2024,3,1,2024
2024-04-13,786,2024,4,2,2024
2024-03-06,787,2024,3,1,2024
2024-04-20,788,2024,4,2,2024
2024-03-03,789,2024,3,1,2024
2023-06-17,790,2023,6,2,2023
2024-09-22,791,2024,9,3,2024
2024-01-15,792,2024,1,1,2024
2023-12-13,793,2023,12,4,2024
2024-07-25,794,2024,7,3,2024
2024-03-31,795,2024,3,1,2024
2024-09-15,796,2024,9,3,2024
2024-08-02,797,2024,8,3,2024
2024-07-28,798,2024,7,3,2024
2024-07-04,799,2024,7,3,2024
2024-07-14,800,2024,7,3,2024
2024-06-09,801,2024,6,2,2024
2024-06-08,802,2024,6,2,2024
2024-05-27,803,2024,5,2,2024
2024-05-23,804,2024,5,2,2024
2025-05-10,805,2025,5,2,2025
2025-04-30,806,2025,4,2,2025
2024-03-24,807,2024,3,1,2024
2024-03-12,808,2024,3,1,2024
2024-01-10,809,2024,1,1,2024
2024-01-08,810,2024,1,1,2024
2023-12-09,811,2023,12,4,2024
2023-12-26,812,2023,12,4,2024
2023-12-15,813,2023,12,4,2024
2023-12-12,814,2023,12,4,2024
2023-12-06,815,2023,12,4,2024
2023-11-20,816,2023,11,4,2024
2023-11-07,817,2023,11,4,2024
2023-11-05,818,2023,11,4,2024
2023-10-26,819,2023,10,4,2024
2023-10-23,820,2023,10,4,2024
2023-11-04,821,2023,11,4,2024
2023-10-12,822,2023,10,4,2024
2023-10-15,823,2023,10,4,2024
2023-08-02,824,2023,8,3,2023
2023-07-28,825,2023,7,3,2023
2022-11-16,826,2022,11,4,2023
2022-11-23,827,2022,11,4,2023
2022-10-27,828,2022,10,4,2023
2022-10-10,829,2022,10,4,2023
2023-10-02,830,2023,10,4,2024
2023-09-05,831,2023,9,3,2023
2023-08-08,832,2023,8,3,2023
2023-07-06,833,2023,7,3,2023
2023-06-27,834,2023,6,2,2023
2023-07-05,835,2023,7,3,2023
2023-06-23,836,2023,6,2,2023
2023-06-21,837,2023,6,2,2023
2023-06-22,838,2023,6,2,2023
2023-06-14,839,2023,6,2,2023
2023-06-20,840,2023,6,2,2023
2023-06-07,841,2023,6,2,2023
2023-06-16,842,2023,6,2,2023
2023-06-10,843,2023,6,2,2023
2023-05-22,844,2023,5,2,2023
2023-05-15,845,2023,5,2,2023
2023-05-12,846,2023,5,2,2023
2023-05-09,847,2023,5,2,2023
2023-05-08,848,2023,5,2,2023
2023-05-19,849,2023,5,2,2023
2023-04-25,850,2023,4,2,2023
2023-04-26,851,2023,4,2,2023
2023-04-03,852,2023,4,2,2023
2023-03-19,853,2023,3,1,2023
2023-03-28,854,2023,3,1,2023
2023-03-07,855,2023,3,1,2023
2023-03-02,856,2023,3,1,2023
2023-02-08,857,2023,2,1,2023
2023-02-10,858,2023,2,1,2023
2023-01-09,859,2023,1,1,2023
2023-01-10,860,2023,1,1,2023
2022-12-30,861,2022,12,4,2023
2022-12-07,862,2022,12,4,2023
2022-11-30,863,2022,11,4,2023
2022-11-07,864,2022,11,4,2023
2022-10-25,865,2022,10,4,2023
2022-10-11,866,2022,10,4,2023
2022-08-08,867,2022,8,3,2022
2022-01-11,868,2022,1,1,2022
2021-12-28,869,2021,12,4,2022
2022-08-12,870,2022,8,3,2022
2022-08-22,871,2022,8,3,2022
2022-07-04,872,2022,7,3,2022
2022-06-16,873,2022,6,2,2022
2022-03-22,874,2022,3,1,2022
2022-05-09,875,2022,5,2,2022
2022-03-31,876,2022,3,1,2022
2022-03-11,877,2022,3,1,2022
2022-02-28,878,2022,2,1,2022
2022-02-06,879,2022,2,1,2022
2022-01-10,880,2022,1,1,2022
2021-12-23,881,2021,12,4,2022
2021-11-03,882,2021,11,4,2022
2022-03-15,883,2022,3,1,2022
2022-09-15,884,2022,9,3,2022
2021-10-20,885,2021,10,4,2022
2021-07-02,886,2021,7,3,2021
2021-05-27,887,2021,5,2,2021
2020-10-21,888,2020,10,4,2021
2021-09-08,889,2021,9,3,2021
2021-07-21,890,2021,7,3,2021
2021-04-12,891,2021,4,2,2021
2021-03-19,892,2021,3,1,2021
2021-01-31,893,2021,1,1,2021
2021-03-02,894,2021,3,1,2021
2021-03-01,895,2021,3,1,2021
2020-10-30,896,2020,10,4,2021
2020-10-26,897,2020,10,4,2021
2020-06-10,898,2020,6,2,2020
2020-08-18,899,2020,8,3,2020
2020-09-02,900,2020,9,3,2020
2020-07-30,901,2020,7,3,2020
2020-03-24,902,2020,3,1,2020
2020-02-26,903,2020,2,1,2020
2020-01-24,904,2020,1,1,2020
2019-12-31,905,2019,12,4,2020
2019-12-13,906,2019,12,4,2020
2019-11-29,907,2019,11,4,2020
2020-09-25,908,2020,9,3,2020
2020-09-24,909,2020,9,3,2020
2020-08-29,910,2020,8,3,2020
2020-07-13,911,2020,7,3,2020
2020-01-31,912,2020,1,1,2020
2020-01-13,913,2020,1,1,2020
2019-08-02,914,2019,8,3,2019
2019-03-21,915,2019,3,1,2019
2019-01-19,916,2019,1,1,2019
2019-07-02,917,2019,7,3,2019
2019-06-02,918,2019,6,2,2019
2019-05-01,919,2019,5,2,2019
2019-03-29,920,2019,3,1,2019
2019-01-28,921,2019,1,1,2019
2019-01-01,922,2019,1,1,2019
2018-12-11,923,2018,12,4,2019
2018-10-15,924,2018,10,4,2019
2015-12-16,925,2015,12,4,2016
2016-06-27,926,2016,6,2,2016
2014-03-18,927,2014,3,1,2014
2012-08-31,928,2012,8,3,2012
2024-06-29,929,2024,6,2,2024
2024-01-20,930,2024,1,1,2024
2025-01-15,931,2025,1,1,2025
2024-08-17,932,2024,8,3,2024
2024-04-07,933,2024,4,2,2024
2024-03-16,934,2024,3,1,2024
2024-03-04,935,2024,3,1,2024
2024-01-06,936,2024,1,1,2024
2023-12-23,937,2023,12,4,2024
2023-11-24,938,2023,11,4,2024
2023-10-11,939,2023,10,4,2024
2023-10-04,940,2023,10,4,2024
2024-12-09,941,2024,12,4,2025
2024-10-28,942,2024,10,4,2025
2025-02-14,943,2025,2,1,2025
2025-02-28,944,2025,2,1,2025
2024-10-14,945,2024,10,4,2025
2023-07-13,946,2023,7,3,2023
2023-07-07,947,2023,7,3,2023
2023-06-28,948,2023,6,2,2023
2023-04-17,949,2023,4,2,2023
2023-04-04,950,2023,4,2,2023
2023-04-24,951,2023,4,2,2023
2023-03-10,952,2023,3,1,2023
2022-12-13,953,2022,12,4,2023
2023-09-17,954,2023,9,3,2023
2023-09-08,955,2023,9,3,2023
2022-12-20,956,2022,12,4,2023
2022-11-19,957,2022,11,4,2023
2023-10-28,958,2023,10,4,2024
2023-07-27,959,2023,7,3,2023
2023-02-16,960,2023,2,1,2023
2023-01-24,961,2023,1,1,2023
2022-05-20,962,2022,5,2,2022
2022-03-07,963,2022,3,1,2022
2022-02-22,964,2022,2,1,2022
2022-02-03,965,2022,2,1,2022
2022-02-10,966,2022,2,1,2022
2022-07-27,967,2022,7,3,2022
2022-07-22,968,2022,7,3,2022
2023-01-25,969,2023,1,1,2023
2022-08-10,970,2022,8,3,2022
2022-07-31,971,2022,7,3,2022
2022-07-26,972,2022,7,3,2022
2022-06-21,973,2022,6,2,2022
2021-11-30,974,2021,11,4,2022
2021-09-13,975,2021,9,3,2021
2021-08-03,976,2021,8,3,2021
2021-07-09,977,2021,7,3,2021
2021-03-18,978,2021,3,1,2021
2021-02-22,979,2021,2,1,2021
2021-01-08,980,2021,1,1,2021
2020-10-14,981,2020,10,4,2021
2021-09-17,982,2021,9,3,2021
2021-06-24,983,2021,6,2,2021
2021-09-21,984,2021,9,3,2021
2021-08-12,985,2021,8,3,2021
2021-05-17,986,2021,5,2,2021
2021-03-26,987,2021,3,1,2021
2021-02-11,988,2021,2,1,2021
2021-02-04,989,2021,2,1,2021
2020-10-29,990,2020,10,4,2021
2020-09-16,991,2020,9,3,2020
2020-09-10,992,2020,9,3,2020
2020-06-18,993,2020,6,2,2020
2020-06-15,994,2020,6,2,2020
2020-03-27,995,2020,3,1,2020
2020-01-29,996,2020,1,1,2020
2020-07-27,997,2020,7,3,2020
2020-06-12,998,2020,6,2,2020
2020-03-30,999,2020,3,1,2020
2020-07-10,1000,2020,7,3,2020
2020-06-23,1001,2020,6,2,2020
2020-06-05,1002,2020,6,2,2020
2020-06-08,1003,2020,6,2,2020
2020-05-15,1004,2020,5,2,2020
2020-03-26,1005,2020,3,1,2020
2020-03-23,1006,2020,3,1,2020
2020-03-25,1007,2020,3,1,2020
2020-03-01,1008,2020,3,1,2020
2020-02-15,1009,2020,2,1,2020
2020-02-24,1010,2020,2,1,2020
2020-01-16,1011,2020,1,1,2020
2019-08-05,1012,2019,8,3,2019
2019-02-25,1013,2019,2,1,2019
2019-03-22,1014,2019,3,1,2019
2019-09-14,1015,2019,9,3,2019
2019-08-28,1016,2019,8,3,2019
2019-09-03,1017,2019,9,3,2019
2019-09-29,1018,2019,9,3,2019
2019-09-24,1019,2019,9,3,2019
2019-09-28,1020,2019,9,3,2019
2019-09-23,1021,2019,9,3,2019
2019-09-06,1022,2019,9,3,2019
2019-07-13,1023,2019,7,3,2019
2019-04-26,1024,2019,4,2,2019
2018-11-13,1025,2018,11,4,2019
2018-02-16,1026,2018,2,1,2018
2018-01-26,1027,2018,1,1,2018
2018-09-29,1028,2018,9,3,2018
2018-09-28,1029,2018,9,3,2018
2018-09-18,1030,2018,9,3,2018
2018-06-01,1031,2018,6,2,2018
2017-09-18,1032,2017,9,3,2017
2017-08-01,1033,2017,8,3,2017
2017-04-20,1034,2017,4,2,2017
2016-12-30,1035,2016,12,4,2017
2024-01-27,1036,2024,1,1,2024
2023-10-08,1037,2023,10,4,2024
2023-07-22,1038,2023,7,3,2023
2023-06-19,1039,2023,6,2,2023
2023-03-21,1040,2023,3,1,2023
2023-03-05,1041,2023,3,1,2023
2023-02-15,1042,2023,2,1,2023
2023-07-29,1043,2023,7,3,2023
2023-06-29,1044,2023,6,2,2023
2023-03-29,1045,2023,3,1,2023
2023-03-27,1046,2023,3,1,2023
2022-08-03,1047,2022,8,3,2022
2022-03-28,1048,2022,3,1,2022
2021-11-22,1049,2021,11,4,2022
2022-09-25,1050,2022,9,3,2022
2022-06-22,1051,2022,6,2,2022
2022-06-19,1052,2022,6,2,2022
2022-05-03,1053,2022,5,2,2022
2021-04-19,1054,2021,4,2,2021
2020-08-10,1055,2020,8,3,2020
2020-06-22,1056,2020,6,2,2020
2020-04-20,1057,2020,4,2,2020
2020-02-05,1058,2020,2,1,2020
2020-09-27,1059,2020,9,3,2020
2019-09-11,1060,2019,9,3,2019
2019-05-09,1061,2019,5,2,2019
2019-01-13,1062,2019,1,1,2019
2019-08-31,1063,2019,8,3,2019
2019-07-03,1064,2019,7,3,2019
2019-06-26,1065,2019,6,2,2019
2019-06-12,1066,2019,6,2,2019
2019-05-22,1067,2019,5,2,2019
2019-04-08,1068,2019,4,2,2019
2019-03-12,1069,2019,3,1,2019
2018-12-20,1070,2018,12,4,2019
2019-03-19,1071,2019,3,1,2019
2019-01-31,1072,2019,1,1,2019
2017-11-03,1073,2017,11,4,2018
2017-11-01,1074,2017,11,4,2018
2018-09-20,1075,2018,9,3,2018
2018-06-29,1076,2018,6,2,2018
2018-05-14,1077,2018,5,2,2018
2017-09-27,1078,2017,9,3,2017
2017-09-21,1079,2017,9,3,2017
2016-07-19,1080,2016,7,3,2016
2016-09-29,1081,2016,9,3,2016
2016-07-06,1082,2016,7,3,2016
2009-12-29,1083,2009,12,4,2010
2024-03-10,1084,2024,3,1,2024
2023-12-27,1085,2023,12,4,2024
2024-08-24,1086,2024,8,3,2024
2024-07-06,1087,2024,7,3,2024
2024-07-27,1088,2024,7,3,2024
2024-07-20,1089,2024,7,3,2024
2024-05-12,1090,2024,5,2,2024
2024-05-11,1091,2024,5,2,2024
2024-04-27,1092,2024,4,2,2024
2024-03-17,1093,2024,3,1,2024
2024-02-03,1094,2024,2,1,2024
2024-12-11,1095,2024,12,4,2025
2023-01-12,1096,2023,1,1,2023
2023-11-11,1097,2023,11,4,2024
2023-10-03,1098,2023,10,4,2024
2023-05-29,1099,2023,5,2,2023
2023-02-03,1100,2023,2,1,2023
2022-11-20,1101,2022,11,4,2023
2023-08-03,1102,2023,8,3,2023
2023-07-16,1103,2023,7,3,2023
2023-07-08,1104,2023,7,3,2023
2023-08-19,1105,2023,8,3,2023
2023-03-18,1106,2023,3,1,2023
2023-03-06,1107,2023,3,1,2023
2023-01-03,1108,2023,1,1,2023
2023-01-04,1109,2023,1,1,2023
2022-11-22,1110,2022,11,4,2023
2023-03-25,1111,2023,3,1,2023
2022-09-06,1112,2022,9,3,2022
2022-06-13,1113,2022,6,2,2022
2022-04-15,1114,2022,4,2,2022
2022-09-24,1115,2022,9,3,2022
2022-09-09,1116,2022,9,3,2022
2022-07-06,1117,2022,7,3,2022
2022-05-04,1118,2022,5,2,2022
2022-04-04,1119,2022,4,2,2022
2021-11-23,1120,2021,11,4,2022
2021-12-30,1121,2021,12,4,2022
2021-06-16,1122,2021,6,2,2021
2021-05-28,1123,2021,5,2,2021
2021-06-11,1124,2021,6,2,2021
2021-08-10,1125,2021,8,3,2021
2021-08-13,1126,2021,8,3,2021
2021-07-23,1127,2021,7,3,2021
2021-07-18,1128,2021,7,3,2021
2021-08-14,1129,2021,8,3,2021
2021-06-15,1130,2021,6,2,2021
2021-06-21,1131,2021,6,2,2021
2021-05-06,1132,2021,5,2,2021
2021-03-08,1133,2021,3,1,2021
2021-01-19,1134,2021,1,1,2021
2020-11-20,1135,2020,11,4,2021
2020-07-15,1136,2020,7,3,2020
2020-05-22,1137,2020,5,2,2020
2020-09-28,1138,2020,9,3,2020
2020-08-26,1139,2020,8,3,2020
2020-08-22,1140,2020,8,3,2020
2020-08-19,1141,2020,8,3,2020
2020-05-12,1142,2020,5,2,2020
2020-01-17,1143,2020,1,1,2020
2019-12-09,1144,2019,12,4,2020
2019-10-21,1145,2019,10,4,2020
2019-09-05,1146,2019,9,3,2019
2019-08-01,1147,2019,8,3,2019
2019-07-16,1148,2019,7,3,2019
2019-07-18,1149,2019,7,3,2019
2019-06-27,1150,2019,6,2,2019
2019-06-23,1151,2019,6,2,2019
2019-05-06,1152,2019,5,2,2019
2018-11-28,1153,2018,11,4,2019
2018-11-26,1154,2018,11,4,2019
2018-11-30,1155,2018,11,4,2019
2017-03-28,1156,2017,3,1,2017
2022-10-17,1157,2022,10,4,2023
2023-05-24,1158,2023,5,2,2023
2023-04-13,1159,2023,4,2,2023
2022-10-28,1160,2022,10,4,2023
2022-10-31,1161,2022,10,4,2023
2023-07-18,1162,2023,7,3,2023
2023-03-24,1163,2023,3,1,2023
2022-07-11,1164,2022,7,3,2022
2022-07-08,1165,2022,7,3,2022
2022-03-25,1166,2022,3,1,2022
2022-03-04,1167,2022,3,1,2022
2021-12-20,1168,2021,12,4,2022
2022-08-19,1169,2022,8,3,2022
2021-08-27,1170,2021,8,3,2021
2021-03-22,1171,2021,3,1,2021
2021-02-12,1172,2021,2,1,2021
2021-02-26,1173,2021,2,1,2021
2021-11-18,1174,2021,11,4,2022
2020-09-11,1175,2020,9,3,2020
2020-09-07,1176,2020,9,3,2020
2020-04-30,1177,2020,4,2,2020
2020-03-04,1178,2020,3,1,2020
2019-09-15,1179,2019,9,3,2019
2019-05-10,1180,2019,5,2,2019
2018-10-26,1181,2018,10,4,2019
2018-08-31,1182,2018,8,3,2018
2024-04-06,1183,2024,4,2,2024
2024-02-25,1184,2024,2,1,2024
2023-09-04,1185,2023,9,3,2023
2023-07-11,1186,2023,7,3,2023
2023-05-20,1187,2023,5,2,2023
2023-05-28,1188,2023,5,2,2023
2022-05-10,1189,2022,5,2,2022
2022-04-23,1190,2022,4,2,2022
2022-03-19,1191,2022,3,1,2022
2022-01-02,1192,2022,1,1,2022
2021-06-12,1193,2021,6,2,2021
2021-05-24,1194,2021,5,2,2021
2020-12-20,1195,2020,12,4,2021
2021-04-20,1196,2021,4,2,2021
2019-11-08,1197,2019,11,4,2020
2020-01-28,1198,2020,1,1,2020
2020-06-28,1199,2020,6,2,2020
2020-06-17,1200,2020,6,2,2020
2019-08-07,1201,2019,8,3,2019
2019-08-19,1202,2019,8,3,2019
2019-05-23,1203,2019,5,2,2019
2018-08-24,1204,2018,8,3,2018
2017-09-01,1205,2017,9,3,2017
2016-09-08,1206,2016,9,3,2016
2016-09-13,1207,2016,9,3,2016
2016-03-29,1208,2016,3,1,2016
2023-11-26,1209,2023,11,4,2024
2024-10-08,1210,2024,10,4,2025
2024-09-14,1211,2024,9,3,2024
2025-02-27,1212,2025,2,1,2025
2024-08-11,1213,2024,8,3,2024
2025-10-31,1214,2025,10,4,2026
2025-01-25,1215,2025,1,1,2025
2024-01-21,1216,2024,1,1,2024
2024-01-07,1217,2024,1,1,2024
2023-10-22,1218,2023,10,4,2024
2022-11-02,1219,2022,11,4,2023
2023-01-18,1220,2023,1,1,2023
2023-08-12,1221,2023,8,3,2023
2023-05-04,1222,2023,5,2,2023
2023-03-23,1223,2023,3,1,2023
2023-03-08,1224,2023,3,1,2023
2022-12-08,1225,2022,12,4,2023
2023-08-06,1226,2023,8,3,2023
2023-07-03,1227,2023,7,3,2023
2023-06-13,1228,2023,6,2,2023
2023-02-24,1229,2023,2,1,2023
2025-05-30,1230,2025,5,2,2025
2023-05-10,1231,2023,5,2,2023
2023-05-25,1232,2023,5,2,2023
2023-04-12,1233,2023,4,2,2023
2023-04-15,1234,2023,4,2,2023
2023-04-06,1235,2023,4,2,2023
2023-01-26,1236,2023,1,1,2023
2023-01-20,1237,2023,1,1,2023
2023-01-21,1238,2023,1,1,2023
2023-01-13,1239,2023,1,1,2023
2022-12-29,1240,2022,12,4,2023
2022-11-17,1241,2022,11,4,2023
2022-12-02,1242,2022,12,4,2023
2022-11-04,1243,2022,11,4,2023
2022-10-14,1244,2022,10,4,2023
2023-05-23,1245,2023,5,2,2023
2022-12-09,1246,2022,12,4,2023
2022-10-26,1247,2022,10,4,2023
2022-11-09,1248,2022,11,4,2023
2022-08-11,1249,2022,8,3,2022
2022-03-14,1250,2022,3,1,2022
2022-03-02,1251,2022,3,1,2022
2022-06-29,1252,2022,6,2,2022
2022-04-07,1253,2022,4,2,2022
2022-04-11,1254,2022,4,2,2022
2022-04-06,1255,2022,4,2,2022
2022-04-14,1256,2022,4,2,2022
2022-02-07,1257,2022,2,1,2022
2021-10-21,1258,2021,10,4,2022
2022-08-24,1259,2022,8,3,2022
2022-08-27,1260,2022,8,3,2022
2022-08-20,1261,2022,8,3,2022
2022-06-24,1262,2022,6,2,2022
2022-04-19,1263,2022,4,2,2022
2022-05-13,1264,2022,5,2,2022
2022-04-12,1265,2022,4,2,2022
2022-03-29,1266,2022,3,1,2022
2022-03-03,1267,2022,3,1,2022
2022-01-23,1268,2022,1,1,2022
2022-01-27,1269,2022,1,1,2022
2022-01-21,1270,2022,1,1,2022
2022-01-20,1271,2022,1,1,2022
2022-01-13,1272,2022,1,1,2022
2021-12-14,1273,2021,12,4,2022
2021-10-28,1274,2021,10,4,2022
2021-10-29,1275,2021,10,4,2022
2021-10-22,1276,2021,10,4,2022
2022-08-09,1277,2022,8,3,2022
2022-07-05,1278,2022,7,3,2022
2022-05-27,1279,2022,5,2,2022
2022-02-17,1280,2022,2,1,2022
2022-02-24,1281,2022,2,1,2022
2022-06-07,1282,2022,6,2,2022
2022-01-24,1283,2022,1,1,2022
2020-12-11,1284,2020,12,4,2021
2021-03-15,1285,2021,3,1,2021
2021-09-04,1286,2021,9,3,2021
2021-08-04,1287,2021,8,3,2021
2021-07-28,1288,2021,7,3,2021
2021-05-04,1289,2021,5,2,2021
2021-04-23,1290,2021,4,2,2021
2021-05-12,1291,2021,5,2,2021
2021-02-23,1292,2021,2,1,2021
2021-02-02,1293,2021,2,1,2021
2020-12-22,1294,2020,12,4,2021
2020-12-18,1295,2020,12,4,2021
2020-11-13,1296,2020,11,4,2021
2020-10-27,1297,2020,10,4,2021
2020-10-09,1298,2020,10,4,2021
2021-06-02,1299,2021,6,2,2021
2021-05-10,1300,2021,5,2,2021
2021-05-25,1301,2021,5,2,2021
2021-03-25,1302,2021,3,1,2021
2020-12-08,1303,2020,12,4,2021
2020-11-02,1304,2020,11,4,2021
2021-06-30,1305,2021,6,2,2021
2021-07-08,1306,2021,7,3,2021
2021-07-07,1307,2021,7,3,2021
2021-04-28,1308,2021,4,2,2021
2021-03-31,1309,2021,3,1,2021
2021-01-29,1310,2021,1,1,2021
2020-11-28,1311,2020,11,4,2021
2020-10-22,1312,2020,10,4,2021
2019-10-08,1313,2019,10,4,2020
2020-09-08,1314,2020,9,3,2020
2020-09-03,1315,2020,9,3,2020
2020-07-09,1316,2020,7,3,2020
2020-06-09,1317,2020,6,2,2020
2020-04-24,1318,2020,4,2,2020
2020-03-16,1319,2020,3,1,2020
2020-02-07,1320,2020,2,1,2020
2019-12-16,1321,2019,12,4,2020
2019-11-14,1322,2019,11,4,2020
2019-10-25,1323,2019,10,4,2020
2020-07-31,1324,2020,7,3,2020
2020-08-13,1325,2020,8,3,2020
2014-05-07,1326,2014,5,2,2014
2020-07-06,1327,2020,7,3,2020
2020-05-28,1328,2020,5,2,2020
2020-05-13,1329,2020,5,2,2020
2020-05-04,1330,2020,5,2,2020
2020-05-07,1331,2020,5,2,2020
2020-04-22,1332,2020,4,2,2020
2020-04-14,1333,2020,4,2,2020
2020-04-09,1334,2020,4,2,2020
2020-04-08,1335,2020,4,2,2020
2020-04-13,1336,2020,4,2,2020
2020-04-06,1337,2020,4,2,2020
2020-04-03,1338,2020,4,2,2020
2020-04-02,1339,2020,4,2,2020
2020-03-31,1340,2020,3,1,2020
2020-05-25,1341,2020,5,2,2020
2019-10-31,1342,2019,10,4,2020
2020-05-26,1343,2020,5,2,2020
2020-01-22,1344,2020,1,1,2020
2020-08-28,1345,2020,8,3,2020
2019-02-12,1346,2019,2,1,2019
2019-07-09,1347,2019,7,3,2019
2019-06-14,1348,2019,6,2,2019
2019-05-15,1349,2019,5,2,2019
2019-01-15,1350,2019,1,1,2019
2018-12-28,1351,2018,12,4,2019
2018-12-06,1352,2018,12,4,2019
2019-09-27,1353,2019,9,3,2019
2019-09-17,1354,2019,9,3,2019
2019-07-26,1355,2019,7,3,2019
2019-08-15,1356,2019,8,3,2019
2019-05-29,1357,2019,5,2,2019
2019-03-18,1358,2019,3,1,2019
2019-04-24,1359,2019,4,2,2019
2019-02-22,1360,2019,2,1,2019
2019-02-06,1361,2019,2,1,2019
2018-10-16,1362,2018,10,4,2019
2019-04-29,1363,2019,4,2,2019
2019-04-30,1364,2019,4,2,2019
2019-08-23,1365,2019,8,3,2019
2019-07-30,1366,2019,7,3,2019
2019-01-07,1367,2019,1,1,2019
2019-02-27,1368,2019,2,1,2019
2018-04-06,1369,2018,4,2,2018
2018-09-19,1370,2018,9,3,2018
2018-09-21,1371,2018,9,3,2018
2018-08-01,1372,2018,8,3,2018
2018-08-02,1373,2018,8,3,2018
2018-05-31,1374,2018,5,2,2018
2018-03-15,1375,2018,3,1,2018
2018-07-05,1376,2018,7,3,2018
2018-05-03,1377,2018,5,2,2018
2018-05-16,1378,2018,5,2,2018
2017-12-01,1379,2017,12,4,2018
2017-03-30,1380,2017,3,1,2017
2017-05-07,1381,2017,5,2,2017
2016-03-01,1382,2016,3,1,2016
2016-09-22,1383,2016,9,3,2016
2015-04-22,1384,2015,4,2,2015
2015-08-03,1385,2015,8,3,2015
2015-01-01,1386,2015,1,1,2015
2014-06-04,1387,2014,6,2,2014
2013-10-08,1388,2013,10,4,2014
2013-03-18,1389,2013,3,1,2013
2013-04-01,1390,2013,4,2,2013
2012-02-03,1391,2012,2,1,2012
2011-04-22,1392,2011,4,2,2011
2011-02-01,1393,2011,2,1,2011
2010-09-30,1394,2010,9,3,2010
2010-09-23,1395,2010,9,3,2010
2010-04-30,1396,2010,4,2,2010
2010-05-10,1397,2010,5,2,2010
2010-01-27,1398,2010,1,1,2010
2009-01-01,1399,2009,1,1,2009
2008-08-01,1400,2008,8,3,2008
2008-04-08,1401,2008,4,2,2008
2008-04-01,1402,2008,4,2,2008
2006-12-22,1403,2006,12,4,2007
2007-05-01,1404,2007,5,2,2007
2006-07-28,1405,2006,7,3,2006
2006-09-19,1406,2006,9,3,2006
2021-05-19,1407,2021,5,2,2021
2010-04-13,1408,2010,4,2,2010
2024-02-18,1409,2024,2,1,2024
2023-06-11,1410,2023,6,2,2023
2021-12-13,1411,2021,12,4,2022
2021-03-13,1412,2021,3,1,2021
2024-11-06,1413,2024,11,4,2025
2022-03-24,1414,2022,3,1,2022
2022-05-06,1415,2022,5,2,2022
2022-01-05,1416,2022,1,1,2022
2021-07-26,1417,2021,7,3,2021
2021-07-30,1418,2021,7,3,2021
2021-05-18,1419,2021,5,2,2021
2021-03-29,1420,2021,3,1,2021
2021-01-25,1421,2021,1,1,2021
2020-12-09,1422,2020,12,4,2021
2020-10-20,1423,2020,10,4,2021
2019-10-29,1424,2019,10,4,2020
2019-12-24,1425,2019,12,4,2020
2020-08-05,1426,2020,8,3,2020
2020-04-17,1427,2020,4,2,2020
2019-07-23,1428,2019,7,3,2019
2019-03-14,1429,2019,3,1,2019
2017-11-07,1430,2017,11,4,2018
2017-04-10,1431,2017,4,2,2017
2023-10-05,1432,2023,10,4,2024
2024-10-18,1433,2024,10,4,2025
2024-10-25,1434,2024,10,4,2025
2024-05-19,1435,2024,5,2,2024
2023-11-19,1436,2023,11,4,2024
2023-12-02,1437,2023,12,4,2024
2019-03-20,1438,2019,3,1,2019
2024-10-10,1439,2024,10,4,2025
2023-06-26,1440,2023,6,2,2023
2022-05-24,1441,2022,5,2,2022
2021-02-14,1442,2021,2,1,2021
2022-08-04,1443,2022,8,3,2022
2022-07-19,1444,2022,7,3,2022
2021-12-31,1445,2021,12,4,2022
2022-07-03,1446,2022,7,3,2022
2021-06-27,1447,2021,6,2,2021
2021-08-30,1448,2021,8,3,2021
2020-11-06,1449,2020,11,4,2021
2021-08-11,1450,2021,8,3,2021
2021-05-02,1451,2021,5,2,2021
2021-03-28,1452,2021,3,1,2021
2020-12-31,1453,2020,12,4,2021
2021-07-27,1454,2021,7,3,2021
2020-09-23,1455,2020,9,3,2020
2020-05-10,1456,2020,5,2,2020
2019-12-11,1457,2019,12,4,2020
2020-08-27,1458,2020,8,3,2020
2020-08-11,1459,2020,8,3,2020
2020-07-24,1460,2020,7,3,2020
2020-08-03,1461,2020,8,3,2020
2019-09-21,1462,2019,9,3,2019
2019-07-22,1463,2019,7,3,2019
2019-06-07,1464,2019,6,2,2019
2019-03-15,1465,2019,3,1,2019
2018-09-10,1466,2018,9,3,2018
2014-03-25,1467,2014,3,1,2014
2022-06-03,1468,2022,6,2,2022
2021-08-17,1469,2021,8,3,2021
2008-10-10,1470,2008,10,4,2009
2008-10-30,1471,2008,10,4,2009
2008-10-15,1472,2008,10,4,2009
2008-05-22,1473,2008,5,2,2008
2022-05-19,1474,2022,5,2,2022
2022-11-10,1475,2022,11,4,2023
2022-02-02,1476,2022,2,1,2022
2021-11-15,1477,2021,11,4,2022
2022-07-12,1478,2022,7,3,2022
2021-09-09,1479,2021,9,3,2021
2021-04-15,1480,2021,4,2,2021
2019-09-12,1481,2019,9,3,2019
2009-12-31,1482,2009,12,4,2010
2024-10-07,1483,2024,10,4,2025
2024-10-15,1484,2024,10,4,2025
2021-09-12,1485,2021,9,3,2021
2025-06-30,1486,2025,6,2,2025
2023-10-09,1487,2023,10,4,2024
2023-04-18,1488,2023,4,2,2023
2023-03-17,1489,2023,3,1,2023
2023-02-02,1490,2023,2,1,2023
2023-01-06,1491,2023,1,1,2023
2022-12-28,1492,2022,12,4,2023
2022-12-23,1493,2022,12,4,2023
2022-12-12,1494,2022,12,4,2023
2023-01-07,1495,2023,1,1,2023
2023-02-06,1496,2023,2,1,2023
2022-11-29,1497,2022,11,4,2023
2022-04-26,1498,2022,4,2,2022
2022-04-27,1499,2022,4,2,2022
2022-04-25,1500,2022,4,2,2022
2022-03-17,1501,2022,3,1,2022
2022-02-21,1502,2022,2,1,2022
2022-04-20,1503,2022,4,2,2022
2022-10-07,1504,2022,10,4,2023
2022-02-18,1505,2022,2,1,2022
2022-01-07,1506,2022,1,1,2022
2021-12-09,1507,2021,12,4,2022
2021-04-26,1508,2021,4,2,2021
2021-05-14,1509,2021,5,2,2021
2021-03-23,1510,2021,3,1,2021
2021-03-17,1511,2021,3,1,2021
2021-02-16,1512,2021,2,1,2021
2021-01-26,1513,2021,1,1,2021
2021-01-21,1514,2021,1,1,2021
2021-05-09,1515,2021,5,2,2021
2021-03-30,1516,2021,3,1,2021
2021-01-18,1517,2021,1,1,2021
2022-09-10,1518,2022,9,3,2022
2021-01-20,1519,2021,1,1,2021
2019-12-04,1520,2019,12,4,2020
2020-06-26,1521,2020,6,2,2020
2020-06-19,1522,2020,6,2,2020
2020-05-29,1523,2020,5,2,2020
2020-03-06,1524,2020,3,1,2020
2019-11-15,1525,2019,11,4,2020
2020-10-15,1526,2020,10,4,2021
2021-10-30,1527,2021,10,4,2022
2019-05-16,1528,2019,5,2,2019
2019-05-07,1529,2019,5,2,2019
2019-04-22,1530,2019,4,2,2019
2019-06-21,1531,2019,6,2,2019
2019-08-13,1532,2019,8,3,2019
2019-06-19,1533,2019,6,2,2019
2019-06-10,1534,2019,6,2,2019
2019-03-28,1535,2019,3,1,2019
2018-11-07,1536,2018,11,4,2019
2018-09-04,1537,2018,9,3,2018
2018-08-09,1538,2018,8,3,2018
2018-09-25,1539,2018,9,3,2018
2018-09-12,1540,2018,9,3,2018
2018-07-30,1541,2018,7,3,2018
2018-02-23,1542,2018,2,1,2018
2017-03-06,1543,2017,3,1,2017
2016-07-25,1544,2016,7,3,2016
2016-04-11,1545,2016,4,2,2016
2015-08-01,1546,2015,8,3,2015
2010-09-17,1547,2010,9,3,2010
2005-05-10,1548,2005,5,2,2005
2005-04-29,1549,2005,4,2,2005
2005-04-28,1550,2005,4,2,2005
2006-04-08,1551,2006,4,2,2006
2026-06-20,1552,2026,6,2,2026
2022-10-20,1553,2022,10,4,2023
2022-09-05,1554,2022,9,3,2022
2021-12-07,1555,2021,12,4,2022
2021-11-17,1556,2021,11,4,2022
2021-08-09,1557,2021,8,3,2021
2019-11-21,1558,2019,11,4,2020
2018-05-20,1559,2018,5,2,2018
2017-08-26,1560,2017,8,3,2017
2017-03-18,1561,2017,3,1,2017
2016-06-10,1562,2016,6,2,2016
2025-01-28,1563,2025,1,1,2025
2024-12-15,1564,2024,12,4,2025
2022-06-02,1565,2022,6,2,2022
2015-07-27,1566,2015,7,3,2015
2024-08-03,1567,2024,8,3,2024
2024-05-04,1568,2024,5,2,2024
2023-10-14,1569,2023,10,4,2024
2022-12-03,1570,2022,12,4,2023
2021-06-05,1571,2021,6,2,2021
2021-05-05,1572,2021,5,2,2021
2021-04-17,1573,2021,4,2,2021
2020-12-15,1574,2020,12,4,2021
2020-10-08,1575,2020,10,4,2021
2020-02-27,1576,2020,2,1,2020
2019-05-02,1577,2019,5,2,2019
2026-09-26,1578,2026,9,3,2026
2025-03-02,1579,2025,3,1,2025
2025-09-27,1580,2025,9,3,2025
2025-05-03,1581,2025,5,2,2025
2024-12-29,1582,2024,12,4,2025
2024-10-30,1583,2024,10,4,2025
2022-12-27,1584,2022,12,4,2023
2026-08-31,1585,2026,8,3,2026
2023-04-11,1586,2023,4,2,2023
2023-04-07,1587,2023,4,2,2023
2023-02-27,1588,2023,2,1,2023
2023-01-19,1589,2023,1,1,2023
2023-01-17,1590,2023,1,1,2023
2022-12-21,1591,2022,12,4,2023
2022-10-06,1592,2022,10,4,2023
2022-03-18,1593,2022,3,1,2022
2022-01-28,1594,2022,1,1,2022
2027-08-31,1595,2027,8,3,2027
2022-06-08,1596,2022,6,2,2022
2022-03-10,1597,2022,3,1,2022
2022-02-19,1598,2022,2,1,2022
2021-12-19,1599,2021,12,4,2022
2021-12-02,1600,2021,12,4,2022
2021-11-19,1601,2021,11,4,2022
2021-11-12,1602,2021,11,4,2022
2022-08-18,1603,2022,8,3,2022
2022-02-15,1604,2022,2,1,2022
2022-02-12,1605,2022,2,1,2022
2022-01-14,1606,2022,1,1,2022
2022-01-06,1607,2022,1,1,2022
2021-11-10,1608,2021,11,4,2022
2021-02-09,1609,2021,2,1,2021
2021-02-10,1610,2021,2,1,2021
2020-12-30,1611,2020,12,4,2021
2021-08-31,1612,2021,8,3,2021
2021-08-24,1613,2021,8,3,2021
2021-08-05,1614,2021,8,3,2021
2021-07-22,1615,2021,7,3,2021
2021-06-23,1616,2021,6,2,2021
2021-06-28,1617,2021,6,2,2021
2021-06-14,1618,2021,6,2,2021
2021-05-03,1619,2021,5,2,2021
2021-04-13,1620,2021,4,2,2021
2021-04-09,1621,2021,4,2,2021
2021-04-06,1622,2021,4,2,2021
2021-03-10,1623,2021,3,1,2021
2020-11-18,1624,2020,11,4,2021
2020-11-10,1625,2020,11,4,2021
2020-12-10,1626,2020,12,4,2021
2021-02-15,1627,2021,2,1,2021
2020-04-28,1628,2020,4,2,2020
2020-03-12,1629,2020,3,1,2020
2020-05-21,1630,2020,5,2,2020
2020-05-18,1631,2020,5,2,2020
2020-05-08,1632,2020,5,2,2020
2020-03-18,1633,2020,3,1,2020
2020-03-20,1634,2020,3,1,2020
2019-11-04,1635,2019,11,4,2020
2019-11-18,1636,2019,11,4,2020
2020-09-04,1637,2020,9,3,2020
2020-08-12,1638,2020,8,3,2020
2020-05-14,1639,2020,5,2,2020
2019-05-17,1640,2019,5,2,2019
2019-01-30,1641,2019,1,1,2019
2019-01-11,1642,2019,1,1,2019
2019-06-05,1643,2019,6,2,2019
2019-04-17,1644,2019,4,2,2019
2018-12-21,1645,2018,12,4,2019
2018-05-24,1646,2018,5,2,2018
2018-03-12,1647,2018,3,1,2018
2018-07-01,1648,2018,7,3,2018
2018-05-30,1649,2018,5,2,2018
2018-05-11,1650,2018,5,2,2018
2018-05-02,1651,2018,5,2,2018
2018-03-19,1652,2018,3,1,2018
2018-09-26,1653,2018,9,3,2018
2018-09-14,1654,2018,9,3,2018
2018-03-02,1655,2018,3,1,2018
2018-02-26,1656,2018,2,1,2018
2018-01-18,1657,2018,1,1,2018
2017-04-14,1658,2017,4,2,2017
2017-03-23,1659,2017,3,1,2017
2013-11-27,1660,2013,11,4,2014
2004-01-28,1661,2004,1,1,2004
2024-02-17,1662,2024,2,1,2024
2023-07-15,1663,2023,7,3,2023
2021-07-12,1664,2021,7,3,2021
2019-12-30,1665,2019,12,4,2020
2022-07-02,1666,2022,7,3,2022
2020-02-11,1667,2020,2,1,2020
2017-04-01,1668,2017,4,2,2017
2017-05-28,1669,2017,5,2,2017
2023-11-18,1670,2023,11,4,2024
2022-02-09,1671,2022,2,1,2022
2021-07-05,1672,2021,7,3,2021
2019-01-23,1673,2019,1,1,2019
2024-04-21,1674,2024,4,2,2024
2024-10-21,1675,2024,10,4,2025
2025-09-12,1676,2025,9,3,2025
2023-09-02,1677,2023,9,3,2023
2023-09-03,1678,2023,9,3,2023
2023-01-23,1679,2023,1,1,2023
2023-01-11,1680,2023,1,1,2023
2022-10-05,1681,2022,10,4,2023
2027-07-15,1682,2027,7,3,2027
2022-01-25,1683,2022,1,1,2022
2022-10-03,1684,2022,10,4,2023
2022-07-07,1685,2022,7,3,2022
2021-01-12,1686,2021,1,1,2021
2020-12-07,1687,2020,12,4,2021
2021-10-11,1688,2021,10,4,2022
2021-08-26,1689,2021,8,3,2021
2021-08-02,1690,2021,8,3,2021
2021-06-03,1691,2021,6,2,2021
2021-02-24,1692,2021,2,1,2021
2019-12-23,1693,2019,12,4,2020
2019-12-19,1694,2019,12,4,2020
2019-11-01,1695,2019,11,4,2020
2020-08-31,1696,2020,8,3,2020
2020-07-28,1697,2020,7,3,2020
2019-04-12,1698,2019,4,2,2019
2018-12-07,1699,2018,12,4,2019
2018-12-19,1700,2018,12,4,2019
2019-04-09,1701,2019,4,2,2019
2018-01-31,1702,2018,1,1,2018
2024-10-04,1703,2024,10,4,2025
2022-03-08,1704,2022,3,1,2022
2022-01-26,1705,2022,1,1,2022
2021-12-08,1706,2021,12,4,2022
2022-03-26,1707,2022,3,1,2022
2022-02-25,1708,2022,2,1,2022
2022-01-04,1709,2022,1,1,2022
2022-01-18,1710,2022,1,1,2022
2021-10-15,1711,2021,10,4,2022
2020-11-25,1712,2020,11,4,2021
2021-05-22,1713,2021,5,2,2021
2021-06-06,1714,2021,6,2,2021
2020-07-17,1715,2020,7,3,2020
2020-02-12,1716,2020,2,1,2020
2019-03-06,1717,2019,3,1,2019
2019-02-20,1718,2019,2,1,2019
2019-06-11,1719,2019,6,2,2019
2019-04-11,1720,2019,4,2,2019
2018-07-26,1721,2018,7,3,2018
2018-04-19,1722,2018,4,2,2018
2018-04-13,1723,2018,4,2,2018
2018-06-07,1724,2018,6,2,2018
2015-05-29,1725,2015,5,2,2015
2024-10-27,1726,2024,10,4,2025
2024-10-26,1727,2024,10,4,2025
2024-10-05,1728,2024,10,4,2025
2025-04-18,1729,2025,4,2,2025
2024-10-24,1730,2024,10,4,2025
2024-10-22,1731,2024,10,4,2025
2022-08-13,1732,2022,8,3,2022
2021-10-26,1733,2021,10,4,2022
2020-12-02,1734,2020,12,4,2021
2021-09-03,1735,2021,9,3,2021
2021-04-07,1736,2021,4,2,2021
2021-04-02,1737,2021,4,2,2021
2021-01-13,1738,2021,1,1,2021
2019-12-02,1739,2019,12,4,2020
2019-12-12,1740,2019,12,4,2020
2019-10-03,1741,2019,10,4,2020
2020-08-20,1742,2020,8,3,2020
2020-06-29,1743,2020,6,2,2020
2019-12-17,1744,2019,12,4,2020
2019-11-06,1745,2019,11,4,2020
2019-10-02,1746,2019,10,4,2020
2019-02-05,1747,2019,2,1,2019
2019-05-03,1748,2019,5,2,2019
2019-05-21,1749,2019,5,2,2019
2018-08-22,1750,2018,8,3,2018
2018-07-19,1751,2018,7,3,2018
2017-08-27,1752,2017,8,3,2017
2017-09-26,1753,2017,9,3,2017
2017-02-17,1754,2017,2,1,2017
2016-08-23,1755,2016,8,3,2016
2014-09-05,1756,2014,9,3,2014
2012-09-29,1757,2012,9,3,2012
2011-07-28,1758,2011,7,3,2011
2007-09-21,1759,2007,9,3,2007
2007-07-03,1760,2007,7,3,2007
2006-09-12,1761,2006,9,3,2006
2025-03-26,1762,2025,3,1,2025
2024-04-28,1763,2024,4,2,2024
2024-04-14,1764,2024,4,2,2024
2022-11-28,1765,2022,11,4,2023
2022-09-18,1766,2022,9,3,2022
2021-08-18,1767,2021,8,3,2021
2020-01-02,1768,2020,1,1,2020
2019-08-20,1769,2019,8,3,2019
2019-08-09,1770,2019,8,3,2019
2019-04-19,1771,2019,4,2,2019
2018-07-31,1772,2018,7,3,2018
2018-01-01,1773,2018,1,1,2018
2017-09-19,1774,2017,9,3,2017
2017-09-14,1775,2017,9,3,2017
2024-10-16,1776,2024,10,4,2025
2024-10-06,1777,2024,10,4,2025
2024-08-25,1778,2024,8,3,2024
2024-01-14,1779,2024,1,1,2024
2023-11-23,1780,2023,11,4,2024
2023-11-12,1781,2023,11,4,2024
2023-12-10,1782,2023,12,4,2024
2023-09-09,1783,2023,9,3,2023
2023-08-05,1784,2023,8,3,2023
2023-01-28,1785,2023,1,1,2023
2023-01-27,1786,2023,1,1,2023
2023-04-30,1787,2023,4,2,2023
2023-02-13,1788,2023,2,1,2023
2022-10-18,1789,2022,10,4,2023
2022-11-11,1790,2022,11,4,2023
2021-12-03,1791,2021,12,4,2022
2021-11-24,1792,2021,11,4,2022
2022-05-30,1793,2022,5,2,2022
2021-01-05,1794,2021,1,1,2021
2020-10-13,1795,2020,10,4,2021
2021-04-29,1796,2021,4,2,2021
2021-03-11,1797,2021,3,1,2021
2019-10-22,1798,2019,10,4,2020
2020-09-06,1799,2020,9,3,2020
2018-11-29,1800,2018,11,4,2019
2018-02-28,1801,2018,2,1,2018
2017-09-15,1802,2017,9,3,2017
2023-03-12,1803,2023,3,1,2023
2024-10-03,1804,2024,10,4,2025
2022-05-23,1805,2022,5,2,2022
2021-11-04,1806,2021,11,4,2022
2021-05-07,1807,2021,5,2,2021
2021-03-12,1808,2021,3,1,2021
2021-02-17,1809,2021,2,1,2021
2021-01-11,1810,2021,1,1,2021
2020-11-03,1811,2020,11,4,2021
2020-07-16,1812,2020,7,3,2020
2020-07-07,1813,2020,7,3,2020
2020-04-23,1814,2020,4,2,2020
2018-11-19,1815,2018,11,4,2019
2019-02-08,1816,2019,2,1,2019
2018-08-30,1817,2018,8,3,2018
2018-09-05,1818,2018,9,3,2018
2016-03-11,1819,2016,3,1,2016
2025-10-21,1820,2025,10,4,2026
2024-12-31,1821,2024,12,4,2025
2024-12-21,1822,2024,12,4,2025
2023-10-07,1823,2023,10,4,2024
2024-10-09,1824,2024,10,4,2025
2024-12-06,1825,2024,12,4,2025
2025-03-01,1826,2025,3,1,2025
2025-02-01,1827,2025,2,1,2025
2022-11-15,1828,2022,11,4,2023
2023-07-02,1829,2023,7,3,2023
2021-04-25,1830,2021,4,2,2021
2022-12-05,1831,2022,12,4,2023
2022-10-04,1832,2022,10,4,2023
2022-07-20,1833,2022,7,3,2022
2021-12-16,1834,2021,12,4,2022
2021-11-09,1835,2021,11,4,2022
2021-10-18,1836,2021,10,4,2022
2021-11-02,1837,2021,11,4,2022
2020-10-05,1838,2020,10,4,2021
2021-06-22,1839,2021,6,2,2021
2021-04-05,1840,2021,4,2,2021
2021-10-19,1841,2021,10,4,2022
2021-08-25,1842,2021,8,3,2021
2021-07-19,1843,2021,7,3,2021
2021-04-22,1844,2021,4,2,2021
2020-04-10,1845,2020,4,2,2020
2020-02-06,1846,2020,2,1,2020
2019-04-02,1847,2019,4,2,2019
2019-02-15,1848,2019,2,1,2019
2018-10-25,1849,2018,10,4,2019
2018-04-27,1850,2018,4,2,2018
2015-11-03,1851,2015,11,4,2016
2014-12-17,1852,2014,12,4,2015
2014-08-21,1853,2014,8,3,2014
2013-04-26,1854,2013,4,2,2013
2008-04-03,1855,2008,4,2,2008
2025-05-12,1856,2025,5,2,2025
2020-07-23,1857,2020,7,3,2020
2020-07-20,1858,2020,7,3,2020
2018-10-19,1859,2018,10,4,2019
2019-02-26,1860,2019,2,1,2019
2018-05-01,1861,2018,5,2,2018
2018-04-12,1862,2018,4,2,2018
2017-08-18,1863,2017,8,3,2017
2017-04-11,1864,2017,4,2,2017
2023-02-20,1865,2023,2,1,2023
2020-10-31,1866,2020,10,4,2021
2017-12-27,1867,2017,12,4,2018
2024-10-17,1868,2024,10,4,2025
2023-08-20,1869,2023,8,3,2023
2022-11-03,1870,2022,11,4,2023
2022-10-15,1871,2022,10,4,2023
2020-05-11,1872,2020,5,2,2020
2020-02-10,1873,2020,2,1,2020
2019-05-25,1874,2019,5,2,2019
2019-03-11,1875,2019,3,1,2019
2019-01-18,1876,2019,1,1,2019
2018-12-27,1877,2018,12,4,2019
2018-08-07,1878,2018,8,3,2018
2018-06-25,1879,2018,6,2,2018
2018-03-16,1880,2018,3,1,2018
2024-11-04,1881,2024,11,4,2025
2025-04-01,1882,2025,4,2,2025
2025-09-21,1883,2025,9,3,2025
2023-04-23,1884,2023,4,2,2023
2022-12-19,1885,2022,12,4,2023
2020-05-27,1886,2020,5,2,2020
2020-04-07,1887,2020,4,2,2020
2019-11-17,1888,2019,11,4,2020
2018-07-25,1889,2018,7,3,2018
2022-12-06,1890,2022,12,4,2023
2022-10-21,1891,2022,10,4,2023
2022-04-13,1892,2022,4,2,2022
2021-11-08,1893,2021,11,4,2022
2021-11-05,1894,2021,11,4,2022
2021-10-08,1895,2021,10,4,2022
2021-10-07,1896,2021,10,4,2022
2021-04-08,1897,2021,4,2,2021
2020-12-04,1898,2020,12,4,2021
2020-12-21,1899,2020,12,4,2021
2020-11-09,1900,2020,11,4,2021
2020-02-18,1901,2020,2,1,2020
2018-04-25,1902,2018,4,2,2018
2017-11-14,1903,2017,11,4,2018
2017-02-23,1904,2017,2,1,2017
2017-02-01,1905,2017,2,1,2017
2016-08-04,1906,2016,8,3,2016
2008-05-13,1907,2008,5,2,2008
2022-01-12,1908,2022,1,1,2022
2023-10-21,1909,2023,10,4,2024
2024-11-08,1910,2024,11,4,2025
2020-04-29,1911,2020,4,2,2020
2018-09-13,1912,2018,9,3,2018
2023-05-27,1913,2023,5,2,2023
2025-09-01,1914,2025,9,3,2025
2024-11-11,1915,2024,11,4,2025
2022-12-31,1916,2022,12,4,2023
2020-12-28,1917,2020,12,4,2021
2018-06-06,1918,2018,6,2,2018
2024-01-13,1919,2024,1,1,2024
2021-07-13,1920,2021,7,3,2021
2018-10-12,1921,2018,10,4,2019
2008-08-07,1922,2008,8,3,2008
2024-10-31,1923,2024,10,4,2025
2019-02-04,1924,2019,2,1,2019
2024-01-28,1925,2024,1,1,2024
2023-12-03,1926,2023,12,4,2024
2021-04-14,1927,2021,4,2,2021
2022-09-11,1928,2022,9,3,2022
2020-01-06,1929,2020,1,1,2020
2022-10-12,1930,2022,10,4,2023
2020-09-05,1931,2020,9,3,2020
2018-08-10,1932,2018,8,3,2018
2011-04-28,1933,2011,4,2,2011
2024-10-19,1934,2024,10,4,2025
2021-10-31,1935,2021,10,4,2022
2018-09-17,1936,2018,9,3,2018
2019-05-08,1937,2019,5,2,2019
2019-03-04,1938,2019,3,1,2019
2021-05-26,1939,2021,5,2,2021
2024-11-29,1940,2024,11,4,2025
2018-09-07,1941,2018,9,3,2018
2025-06-01,1942,2025,6,2,2025
2021-12-29,1943,2021,12,4,2022
2021-06-18,1944,2021,6,2,2021
2024-10-02,1945,2024,10,4,2025
2023-12-30,1946,2023,12,4,2024
2023-01-22,1947,2023,1,1,2023
2023-08-26,1948,2023,8,3,2023
2023-08-13,1949,2023,8,3,2023
2023-01-30,1950,2023,1,1,2023
2022-07-10,1951,2022,7,3,2022
2021-01-30,1952,2021,1,1,2021
2021-06-13,1953,2021,6,2,2021
2021-03-03,1954,2021,3,1,2021
2022-01-03,1955,2022,1,1,2022
2020-03-02,1956,2020,3,1,2020
2020-06-03,1957,2020,6,2,2020
2020-02-25,1958,2020,2,1,2020
2019-12-26,1959,2019,12,4,2020
2019-10-17,1960,2019,10,4,2020
2019-07-08,1961,2019,7,3,2019
2019-03-13,1962,2019,3,1,2019
2019-03-31,1963,2019,3,1,2019
2018-08-14,1964,2018,8,3,2018
2018-06-11,1965,2018,6,2,2018
2018-04-26,1966,2018,4,2,2018
2018-04-04,1967,2018,4,2,2018
2017-12-12,1968,2017,12,4,2018
2017-11-09,1969,2017,11,4,2018
2017-06-01,1970,2017,6,2,2017
2016-09-15,1971,2016,9,3,2016
2016-07-30,1972,2016,7,3,2016
2015-12-18,1973,2015,12,4,2016
2024-10-11,1974,2024,10,4,2025
2023-02-18,1975,2023,2,1,2023
2022-01-19,1976,2022,1,1,2022
2021-03-05,1977,2021,3,1,2021
2020-05-19,1978,2020,5,2,2020
2020-06-02,1979,2020,6,2,2020
2020-04-15,1980,2020,4,2,2020
2019-12-05,1981,2019,12,4,2020
2020-02-21,1982,2020,2,1,2020
2022-03-16,1983,2022,3,1,2022
2022-10-13,1984,2022,10,4,2023
2021-10-05,1985,2021,10,4,2022
2020-12-14,1986,2020,12,4,2021
2019-06-18,1987,2019,6,2,2019
2019-04-04,1988,2019,4,2,2019
2018-02-27,1989,2018,2,1,2018
2016-12-23,1990,2016,12,4,2017
2016-11-22,1991,2016,11,4,2017
2014-09-16,1992,2014,9,3,2014
2025-06-28,1993,2025,6,2,2025
2023-07-23,1994,2023,7,3,2023
2023-05-21,1995,2023,5,2,2023
2023-05-14,1996,2023,5,2,2023
2023-04-02,1997,2023,4,2,2023
2023-04-08,1998,2023,4,2,2023
2023-03-26,1999,2023,3,1,2023
2023-09-10,2000,2023,9,3,2023
2023-01-08,2001,2023,1,1,2023
2022-04-03,2002,2022,4,2,2022
2022-01-16,2003,2022,1,1,2022
2022-06-20,2004,2022,6,2,2022
2022-04-18,2005,2022,4,2,2022
2022-02-08,2006,2022,2,1,2022
2021-10-27,2007,2021,10,4,2022
2021-03-09,2008,2021,3,1,2021
2021-01-16,2009,2021,1,1,2021
2021-09-11,2010,2021,9,3,2021
2021-02-03,2011,2021,2,1,2021
2020-11-24,2012,2020,11,4,2021
2020-04-27,2013,2020,4,2,2020
2020-06-04,2014,2020,6,2,2020
2020-07-14,2015,2020,7,3,2020
2019-05-13,2016,2019,5,2,2019
2019-03-26,2017,2019,3,1,2019
2018-06-15,2018,2018,6,2,2018
2018-07-27,2019,2018,7,3,2018
2018-07-09,2020,2018,7,3,2018
2018-08-03,2021,2018,8,3,2018
2018-07-13,2022,2018,7,3,2018
2018-01-16,2023,2018,1,1,2018
2017-05-27,2024,2017,5,2,2017
2017-09-06,2025,2017,9,3,2017
2017-06-23,2026,2017,6,2,2017
2017-03-10,2027,2017,3,1,2017
2016-11-01,2028,2016,11,4,2017
2016-09-19,2029,2016,9,3,2016
2016-09-26,2030,2016,9,3,2016
2016-09-30,2031,2016,9,3,2016
2016-07-28,2032,2016,7,3,2016
2016-08-29,2033,2016,8,3,2016
2016-06-15,2034,2016,6,2,2016
2016-06-14,2035,2016,6,2,2016
2015-09-25,2036,2015,9,3,2015
2015-09-15,2037,2015,9,3,2015
2014-12-18,2038,2014,12,4,2015
2013-09-30,2039,2013,9,3,2013
2013-09-13,2040,2013,9,3,2013
2013-06-11,2041,2013,6,2,2013
2022-10-29,2042,2022,10,4,2023
2022-03-27,2043,2022,3,1,2022
2020-02-04,2044,2020,2,1,2020
2020-06-14,2045,2020,6,2,2020
2019-05-19,2046,2019,5,2,2019
2019-03-17,2047,2019,3,1,2019
2025-02-21,2048,2025,2,1,2025
2022-11-26,2049,2022,11,4,2023
2021-10-06,2050,2021,10,4,2022
2021-11-14,2051,2021,11,4,2022
2023-02-26,2052,2023,2,1,2023
2021-10-25,2053,2021,10,4,2022
2020-12-03,2054,2020,12,4,2021
2021-10-10,2055,2021,10,4,2022
2020-10-10,2056,2020,10,4,2021
2019-10-09,2057,2019,10,4,2020
2020-08-25,2058,2020,8,3,2020
2020-08-07,2059,2020,8,3,2020
2020-03-11,2060,2020,3,1,2020
2020-09-12,2061,2020,9,3,2020
2019-03-08,2062,2019,3,1,2019
2018-04-30,2063,2018,4,2,2018
2017-11-15,2064,2017,11,4,2018
2017-08-02,2065,2017,8,3,2017
2016-09-18,2066,2016,9,3,2016
2020-11-23,2067,2020,11,4,2021
2018-09-06,2068,2018,9,3,2018
2016-01-27,2069,2016,1,1,2016
2015-10-01,2070,2015,10,4,2016
2024-11-30,2071,2024,11,4,2025
2025-09-17,2072,2025,9,3,2025
2022-11-14,2073,2022,11,4,2023
2021-12-21,2074,2021,12,4,2022
2021-09-05,2075,2021,9,3,2021
2020-11-26,2076,2020,11,4,2021
2020-07-02,2077,2020,7,3,2020
2019-10-28,2078,2019,10,4,2020
2020-05-06,2079,2020,5,2,2020
2019-08-27,2080,2019,8,3,2019
2019-07-29,2081,2019,7,3,2019
2019-02-28,2082,2019,2,1,2019
2019-02-13,2083,2019,2,1,2019
2018-11-06,2084,2018,11,4,2019
2019-07-11,2085,2019,7,3,2019
2019-04-03,2086,2019,4,2,2019
2019-01-16,2087,2019,1,1,2019
2018-09-22,2088,2018,9,3,2018
2018-08-15,2089,2018,8,3,2018
2018-07-11,2090,2018,7,3,2018
2018-07-06,2091,2018,7,3,2018
2018-07-08,2092,2018,7,3,2018
2018-06-22,2093,2018,6,2,2018
2018-05-04,2094,2018,5,2,2018
2018-01-09,2095,2018,1,1,2018
2017-12-28,2096,2017,12,4,2018
2018-09-23,2097,2018,9,3,2018
2018-07-12,2098,2018,7,3,2018
2018-06-05,2099,2018,6,2,2018
2018-04-10,2100,2018,4,2,2018
2018-04-05,2101,2018,4,2,2018
2018-03-14,2102,2018,3,1,2018
2017-12-15,2103,2017,12,4,2018
2017-09-24,2104,2017,9,3,2017
2017-09-22,2105,2017,9,3,2017
2017-09-07,2106,2017,9,3,2017
2017-09-25,2107,2017,9,3,2017
2017-09-11,2108,2017,9,3,2017
2017-08-10,2109,2017,8,3,2017
2017-06-09,2110,2017,6,2,2017
2017-05-04,2111,2017,5,2,2017
2015-12-02,2112,2015,12,4,2016
2016-09-23,2113,2016,9,3,2016
2016-08-24,2114,2016,8,3,2016
2016-06-20,2115,2016,6,2,2016
2016-04-12,2116,2016,4,2,2016
2016-05-05,2117,2016,5,2,2016
2015-12-22,2118,2015,12,4,2016
2016-02-10,2119,2016,2,1,2016
2015-12-09,2120,2015,12,4,2016
2015-08-17,2121,2015,8,3,2015
2015-08-12,2122,2015,8,3,2015
2015-03-19,2123,2015,3,1,2015
2014-12-12,2124,2014,12,4,2015
2014-09-29,2125,2014,9,3,2014
2014-05-29,2126,2014,5,2,2014
2014-03-03,2127,2014,3,1,2014
2013-07-08,2128,2013,7,3,2013
2013-04-03,2129,2013,4,2,2013
2013-09-27,2130,2013,9,3,2013
2012-09-24,2131,2012,9,3,2012
2012-06-20,2132,2012,6,2,2012
2011-04-18,2133,2011,4,2,2011
2011-03-03,2134,2011,3,1,2011
2010-06-16,2135,2010,6,2,2010
2009-08-20,2136,2009,8,3,2009
2009-02-10,2137,2009,2,1,2009
2006-12-06,2138,2006,12,4,2007
2022-08-14,2139,2022,8,3,2022
2021-12-17,2140,2021,12,4,2022
2020-11-12,2141,2020,11,4,2021
2019-11-27,2142,2019,11,4,2020
2019-04-10,2143,2019,4,2,2019
2018-07-10,2144,2018,7,3,2018
2018-06-14,2145,2018,6,2,2018
2018-05-09,2146,2018,5,2,2018
2018-01-25,2147,2018,1,1,2018
2018-02-06,2148,2018,2,1,2018
2017-01-17,2149,2017,1,1,2017
2017-01-20,2150,2017,1,1,2017
2017-03-01,2151,2017,3,1,2017
2017-01-12,2152,2017,1,1,2017
2016-12-06,2153,2016,12,4,2017
2016-10-01,2154,2016,10,4,2017
2016-04-01,2155,2016,4,2,2016
2016-02-08,2156,2016,2,1,2016
2014-09-10,2157,2014,9,3,2014
2014-10-01,2158,2014,10,4,2015
2014-09-30,2159,2014,9,3,2014
2013-10-01,2160,2013,10,4,2014
