Date,Category,Shows_Added,Listens_M,Avg_Completion_Rate,Ad_CPM,Exclusive_Shows
2021-02-28 05:47:07.332662,True Crime,471,109.55950230044758,0.5224432928459208,22.39848225441737,5
2021-02-28 05:47:07.332662,Comedy,484,19.302720714344986,0.7281454159780228,24.70222437757287,3
2021-02-28 05:47:07.332662,News,480,73.78233918756392,0.5126481560529225,20.17739547776021,5
2021-02-28 05:47:07.332662,Sports,507,99.78694225492691,0.7352701597566613,33.57385206938344,3
2021-02-28 05:47:07.332662,Business,521,67.37291100099677,0.42097803494725217,22.9678081379639,4
2021-02-28 05:47:07.332662,Tech,512,37.14990316867664,0.5590818231781002,17.604151003701112,3
2021-02-28 05:47:07.332662,Music,500,134.32168443274693,0.7556246252040099,28.22208162734665,3
2021-02-28 05:47:07.332662,Education,471,53.577493005252755,0.5291000388411388,15.160170898077634,4
2021-03-31 05:47:07.332662,True Crime,513,29.6515248559462,0.5086722303811431,19.6946921862583,3
2021-03-31 05:47:07.332662,Comedy,486,1.8264304286848827,0.7484927345879523,21.318083849682875,4
2021-03-31 05:47:07.332662,News,504,63.04874966836172,0.740594212266255,23.865635142183443,7
2021-03-31 05:47:07.332662,Sports,477,10.62577694166921,0.5488604808610991,33.145091098958964,4
2021-03-31 05:47:07.332662,Business,519,64.83120675514232,0.6837467765583514,27.429535691642,4
2021-03-31 05:47:07.332662,Tech,508,12.423673136278248,0.7618602091629382,20.96629053294156,3
2021-03-31 05:47:07.332662,Music,537,4.735308182773785,0.5694310579813573,19.66931213517576,0
2021-03-31 05:47:07.332662,Education,485,49.377838487154875,0.5303650833897443,26.381257275616388,4
2021-04-30 05:47:07.332662,True Crime,520,18.006570842857847,0.6639707942598176,21.013396248504257,4
2021-04-30 05:47:07.332662,Comedy,478,7.459048141347495,0.4566571225655535,17.863801750872042,7
2021-04-30 05:47:07.332662,News,494,60.64519046048042,0.5888228490663974,30.62346010854882,4
2021-04-30 05:47:07.332662,Sports,493,6.074842126518845,0.4486585667017354,24.487976795419645,4
2021-04-30 05:47:07.332662,Business,515,72.81032685376083,0.5379374566357763,31.281070781176076,4
2021-04-30 05:47:07.332662,Tech,544,33.995220489148416,0.44501097217916014,24.365129424531805,8
2021-04-30 05:47:07.332662,Music,495,52.692933090093575,0.5856763477274666,33.509816177297914,5
2021-04-30 05:47:07.332662,Education,479,59.047613637422714,0.7594311938951809,24.247307736702886,7
2021-05-31 05:47:07.332662,True Crime,511,38.71054636020342,0.7106317377389832,26.159385108095876,3
2021-05-31 05:47:07.332662,Comedy,476,44.408303617204986,0.5155083232700112,18.073287097366258,4
2021-05-31 05:47:07.332662,News,496,92.23683590380821,0.6079726541350213,25.623501500762806,4
2021-05-31 05:47:07.332662,Sports,467,17.04816565216897,0.7048559854993601,21.777852765821276,8
2021-05-31 05:47:07.332662,Business,507,46.59452665911472,0.4848460236654019,34.183559415807906,3
2021-05-31 05:47:07.332662,Tech,471,66.65182163594847,0.6241987217599589,20.219937803718018,5
2021-05-31 05:47:07.332662,Music,502,22.156489252345338,0.5971260164185053,23.6954170402576,6
2021-05-31 05:47:07.332662,Education,493,21.18902537071046,0.6807968179950379,34.46123742017678,7
2021-06-30 05:47:07.332662,True Crime,515,33.460217177392366,0.4995493709423724,19.912357170742066,1
2021-06-30 05:47:07.332662,Comedy,500,14.248435013428967,0.4411269687333219,34.98971754849356,6
2021-06-30 05:47:07.332662,News,500,66.5810820945176,0.4915959609931392,30.19828905254606,7
2021-06-30 05:47:07.332662,Sports,491,157.74340230939342,0.6643228525328759,22.34420158634053,8
2021-06-30 05:47:07.332662,Business,471,65.21186184659229,0.46234080892848467,21.510736835125247,2
2021-06-30 05:47:07.332662,Tech,507,29.291277213117283,0.7018695115581971,34.76336323210443,7
2021-06-30 05:47:07.332662,Music,515,102.37543969218517,0.6998191042187701,34.05427640372569,6
2021-06-30 05:47:07.332662,Education,501,35.684733128986785,0.5053295144348239,34.96584085152659,6
2021-07-31 05:47:07.332662,True Crime,499,43.45598343092966,0.48055493225632806,25.266070100444388,7
2021-07-31 05:47:07.332662,Comedy,496,14.923468886603963,0.7399744573614433,22.258140988881404,5
2021-07-31 05:47:07.332662,News,496,79.01614504525708,0.6752641332334486,31.901903096386977,9
2021-07-31 05:47:07.332662,Sports,507,10.123184162253803,0.7907870765374737,21.01617014427367,5
2021-07-31 05:47:07.332662,Business,522,143.42320599438273,0.5725710155783155,18.77565039434906,4
2021-07-31 05:47:07.332662,Tech,479,38.09606314185757,0.6218270880388057,26.925146894425954,7
2021-07-31 05:47:07.332662,Music,497,48.60762128034944,0.41428163073442603,23.426823425369193,5
2021-07-31 05:47:07.332662,Education,520,26.209813340899483,0.7013976556795036,23.976844087742215,7
2021-08-31 05:47:07.332662,True Crime,496,53.7244056160378,0.6578562409469626,25.85609977764427,5
2021-08-31 05:47:07.332662,Comedy,477,56.01947606562672,0.7960716440554113,30.786486889948215,7
2021-08-31 05:47:07.332662,News,474,32.12837557860029,0.42260338242786233,15.859282515394003,4
2021-08-31 05:47:07.332662,Sports,491,27.58090330845384,0.725658377110213,16.424321126465326,5
2021-08-31 05:47:07.332662,Business,486,13.31604926759025,0.563331854846329,26.44354673208801,6
2021-08-31 05:47:07.332662,Tech,505,64.24396351564637,0.6482570127624686,20.303840276074766,2
2021-08-31 05:47:07.332662,Music,534,12.221323876442588,0.5648841472452962,21.909070302597378,5
2021-08-31 05:47:07.332662,Education,526,49.39986857458003,0.5659108874549396,31.799456976040005,5
2021-09-30 05:47:07.332662,True Crime,467,84.84158693777015,0.6562376560289422,27.654082280729888,4
2021-09-30 05:47:07.332662,Comedy,486,80.30279858874366,0.7545172097569861,33.460395579630614,4
2021-09-30 05:47:07.332662,News,528,63.410825370596626,0.460581746650351,25.211480894188078,5
2021-09-30 05:47:07.332662,Sports,479,8.014536381852903,0.7731191733073877,34.888746280170984,6
2021-09-30 05:47:07.332662,Business,517,16.436693531111608,0.7163177866144785,20.969712596997482,4
2021-09-30 05:47:07.332662,Tech,481,64.98335173322603,0.6313553357762471,31.09302452833335,5
2021-09-30 05:47:07.332662,Music,509,44.58025941426575,0.49992533542890216,22.143273710315817,4
2021-09-30 05:47:07.332662,Education,497,78.23055361954047,0.6726076354124606,32.10411201138471,5
2021-10-31 05:47:07.332662,True Crime,495,33.65846984815821,0.5804937678112108,28.987437714704548,5
2021-10-31 05:47:07.332662,Comedy,483,61.17277778171525,0.6314117047710435,27.216063927132296,3
2021-10-31 05:47:07.332662,News,487,32.29492737573481,0.4097398297829977,28.499901559581446,3
2021-10-31 05:47:07.332662,Sports,460,13.97260445536254,0.6465517470111856,25.724849775200273,1
2021-10-31 05:47:07.332662,Business,500,136.77302556664256,0.7560458277163267,34.42509195369686,7
2021-10-31 05:47:07.332662,Tech,484,160.44666237129192,0.43452158230798643,21.698856596421432,4
2021-10-31 05:47:07.332662,Music,495,141.6354850192645,0.7310410619322221,28.043019771702355,0
2021-10-31 05:47:07.332662,Education,522,205.26244245954737,0.6188172367717047,20.019121563927666,4
2021-11-30 05:47:07.332662,True Crime,472,9.326921753656785,0.5713887414587063,26.583793731164825,8
2021-11-30 05:47:07.332662,Comedy,547,148.1480692270603,0.4561544774780754,34.82989902803087,1
2021-11-30 05:47:07.332662,News,448,75.34084257744932,0.7012661424583007,31.398396800670888,9
2021-11-30 05:47:07.332662,Sports,513,21.213155934384186,0.54984295516332,23.44925824104578,5
2021-11-30 05:47:07.332662,Business,522,4.13613374201365,0.6846944871230327,19.925151586511618,6
2021-11-30 05:47:07.332662,Tech,518,18.289632984490954,0.5188658073142862,24.676957390072737,6
2021-11-30 05:47:07.332662,Music,529,67.00021041433082,0.46247729234969503,25.674209006917636,2
2021-11-30 05:47:07.332662,Education,497,57.96220912768899,0.471818087163791,15.684724761137828,10
2021-12-31 05:47:07.332662,True Crime,503,20.18575004936052,0.5859036022911831,18.864376887733613,2
2021-12-31 05:47:07.332662,Comedy,539,104.30309350141309,0.44592247103621196,18.546768664361984,8
2021-12-31 05:47:07.332662,News,516,171.39486056648917,0.6823205249929726,33.04003989129673,4
2021-12-31 05:47:07.332662,Sports,486,13.870761275814548,0.7876691845152293,32.73979797289392,3
2021-12-31 05:47:07.332662,Business,515,33.016791221655865,0.5166907685200472,30.74590423416558,2
2021-12-31 05:47:07.332662,Tech,463,71.42932569630042,0.5305358692453996,17.152368457434687,11
2021-12-31 05:47:07.332662,Music,517,55.41839615696732,0.7073639937216105,21.172276860794806,2
2021-12-31 05:47:07.332662,Education,494,4.330191010421475,0.5471404002298009,31.765897912656797,6
2022-01-31 05:47:07.332662,True Crime,507,31.41960784733578,0.6503908698241287,25.659991686667468,2
2022-01-31 05:47:07.332662,Comedy,499,22.092220466565355,0.7003322143767011,24.670278153637387,12
2022-01-31 05:47:07.332662,News,475,49.96339301413732,0.7896949185448611,26.23807627311215,5
2022-01-31 05:47:07.332662,Sports,471,0.7440918567050843,0.5127335416752017,17.350408837665015,5
2022-01-31 05:47:07.332662,Business,459,17.665549171182363,0.4478035890481984,30.107310794278078,3
2022-01-31 05:47:07.332662,Tech,502,13.963869693576445,0.5222920313625018,19.89940603219599,4
2022-01-31 05:47:07.332662,Music,498,173.42404748521932,0.4137492606800507,28.723545454703903,8
2022-01-31 05:47:07.332662,Education,507,12.134139853964635,0.6522424419511077,28.486576876057953,5
2022-02-28 05:47:07.332662,True Crime,510,40.44662725961452,0.7917724557582554,32.92724293237361,7
2022-02-28 05:47:07.332662,Comedy,484,97.85915985468414,0.4068539408672863,24.665521435197967,3
2022-02-28 05:47:07.332662,News,506,54.177980341401025,0.42489277767666755,29.136683573205488,6
2022-02-28 05:47:07.332662,Sports,540,64.35520291163596,0.6191355432611483,27.99853883677637,4
2022-02-28 05:47:07.332662,Business,524,14.119338247396504,0.5745491145776425,24.96962179974378,10
2022-02-28 05:47:07.332662,Tech,511,59.48204766328069,0.5222876249119615,21.48590022043303,8
2022-02-28 05:47:07.332662,Music,471,60.61907364605433,0.7777457693145496,34.72313869596154,2
2022-02-28 05:47:07.332662,Education,531,33.90531396891138,0.7403029201690484,17.086111937167125,6
2022-03-31 05:47:07.332662,True Crime,476,35.75950876641933,0.6574490806632141,28.41106838834009,5
2022-03-31 05:47:07.332662,Comedy,520,41.351396785898785,0.49173378791554234,16.64674471139353,4
2022-03-31 05:47:07.332662,News,513,71.15273547908428,0.5661857729058709,17.925009636238148,7
2022-03-31 05:47:07.332662,Sports,492,2.1319764802582077,0.6183856325513999,30.75656966113227,3
2022-03-31 05:47:07.332662,Business,425,6.133206252899196,0.7468375913121708,31.457338261052463,2
2022-03-31 05:47:07.332662,Tech,501,18.09257528003525,0.6047017348004513,24.48202592311501,3
2022-03-31 05:47:07.332662,Music,537,39.79126835332014,0.6515184665863283,26.63509909648885,9
2022-03-31 05:47:07.332662,Education,508,44.778394048811485,0.5281498684835266,17.463096633637143,1
2022-04-30 05:47:07.332662,True Crime,481,71.20649121188028,0.5193015796847554,19.793765192724738,10
2022-04-30 05:47:07.332662,Comedy,475,74.85884512753137,0.5000962731705286,20.672583406810723,7
2022-04-30 05:47:07.332662,News,533,11.491806139666854,0.5941249164559452,29.496707812224592,3
2022-04-30 05:47:07.332662,Sports,482,55.10250047112114,0.7008743598319229,26.603576811502002,2
2022-04-30 05:47:07.332662,Business,454,17.2290438257618,0.48093013077106805,31.58890465613454,10
2022-04-30 05:47:07.332662,Tech,589,20.403747729426676,0.7661295149767865,19.91442264476516,1
2022-04-30 05:47:07.332662,Music,505,2.835620081230333,0.6942417173753701,20.73549745759538,8
2022-04-30 05:47:07.332662,Education,484,45.945796503860706,0.4123893086527743,15.697050533132451,3
2022-05-31 05:47:07.332662,True Crime,520,9.450058743336962,0.47466941465406065,26.911306817171912,8
2022-05-31 05:47:07.332662,Comedy,526,42.7487093915454,0.5167273635791104,17.531240689680953,4
2022-05-31 05:47:07.332662,News,478,22.69411804030925,0.47338052303071215,28.086786033978772,6
2022-05-31 05:47:07.332662,Sports,509,36.692115562190175,0.6053814804604094,29.581450499825813,5
2022-05-31 05:47:07.332662,Business,483,65.62512126197959,0.4794171385249586,15.840980285344159,4
2022-05-31 05:47:07.332662,Tech,434,30.261251546708852,0.5357494764528963,26.141116884477533,3
2022-05-31 05:47:07.332662,Music,486,45.057003957869426,0.46348801290790886,34.366429695193084,3
2022-05-31 05:47:07.332662,Education,504,40.02832178370206,0.7704497907772772,16.227317605729084,3
2022-06-30 05:47:07.332662,True Crime,464,41.52739072588786,0.7580723765961378,18.39208982378087,4
2022-06-30 05:47:07.332662,Comedy,500,19.973413207276607,0.6894217408593607,25.777095246854856,0
2022-06-30 05:47:07.332662,News,497,63.58990498417349,0.7977604702098208,25.019120166891366,7
2022-06-30 05:47:07.332662,Sports,517,37.82036302538444,0.6052041921193118,19.645978400815913,1
2022-06-30 05:47:07.332662,Business,516,91.41593443499079,0.4116800906154547,29.57870380383848,1
2022-06-30 05:47:07.332662,Tech,472,10.510274887034207,0.5852399483094414,20.95261959104642,10
2022-06-30 05:47:07.332662,Music,466,11.434121029719945,0.7580126931280502,27.325397441491063,6
2022-06-30 05:47:07.332662,Education,494,35.22280274065909,0.6798403115693793,22.657581289016125,5
2022-07-31 05:47:07.332662,True Crime,500,23.546645756275414,0.7403566180503953,19.359154992008815,4
2022-07-31 05:47:07.332662,Comedy,450,9.35479100797222,0.5108799799541943,33.98845323557743,2
2022-07-31 05:47:07.332662,News,515,26.272973339614815,0.5935353589160215,32.959782204810146,8
2022-07-31 05:47:07.332662,Sports,517,65.79554713579199,0.504703587222354,32.572861118159224,6
2022-07-31 05:47:07.332662,Business,507,33.59993370862059,0.557998410004451,27.78143432221872,9
2022-07-31 05:47:07.332662,Tech,449,59.50524636549021,0.5253345391021184,28.645474015449295,4
2022-07-31 05:47:07.332662,Music,505,189.03829989198672,0.515712798953187,21.214739919366714,10
2022-07-31 05:47:07.332662,Education,522,14.926133574906942,0.5729651134030412,16.348844103893832,3
2022-08-31 05:47:07.332662,True Crime,541,1.5297740851879489,0.4883978682704408,16.42230338421088,6
2022-08-31 05:47:07.332662,Comedy,472,195.7653872480327,0.6996215402472572,19.65226742008039,5
2022-08-31 05:47:07.332662,News,525,25.622545144845933,0.774376045189867,23.34429470480104,3
2022-08-31 05:47:07.332662,Sports,516,67.43364154109368,0.5318756335872131,32.03905209286779,5
2022-08-31 05:47:07.332662,Business,477,10.27169009054909,0.5675370728536356,16.96824036439543,4
2022-08-31 05:47:07.332662,Tech,493,14.875744443621922,0.6623605221495174,27.912968173846163,4
2022-08-31 05:47:07.332662,Music,474,16.978753600970933,0.7643299813917439,24.387019240694812,6
2022-08-31 05:47:07.332662,Education,453,9.208149558720152,0.4041894769105323,31.796404075512264,8
2022-09-30 05:47:07.332662,True Crime,491,7.9741487432751414,0.4320745935699222,23.09276329844087,3
2022-09-30 05:47:07.332662,Comedy,518,17.989902518793638,0.6118375116603009,16.49551245674306,0
2022-09-30 05:47:07.332662,News,477,26.123221601677475,0.5995707440681691,27.462808407308327,5
2022-09-30 05:47:07.332662,Sports,522,6.7601153168298245,0.7879695199467875,19.746411213053683,3
2022-09-30 05:47:07.332662,Business,511,48.74119479522284,0.45502205943091334,25.929503653730734,6
2022-09-30 05:47:07.332662,Tech,458,51.11420537248021,0.47870713097784345,16.245221713904407,10
2022-09-30 05:47:07.332662,Music,504,17.70907142719186,0.6462764778733292,34.96199106308984,3
2022-09-30 05:47:07.332662,Education,501,26.200650090030564,0.5845919580348268,23.208798875946115,7
2022-10-31 05:47:07.332662,True Crime,503,2.3548745457736517,0.5937963496959962,24.00110489728211,3
2022-10-31 05:47:07.332662,Comedy,488,26.319710290769137,0.4234198470776692,31.860296590071858,7
2022-10-31 05:47:07.332662,News,454,28.588340707896375,0.6424235939086235,15.29682767390364,3
2022-10-31 05:47:07.332662,Sports,525,1.2265270220673967,0.6557589507255658,19.866007233293505,4
2022-10-31 05:47:07.332662,Business,511,34.38516839520946,0.7660926494881863,27.175614112289853,5
2022-10-31 05:47:07.332662,Tech,493,82.01224030361033,0.664724676578841,21.872804310978577,5
2022-10-31 05:47:07.332662,Music,478,91.92463817506258,0.6423248026556241,16.83238488409309,3
2022-10-31 05:47:07.332662,Education,559,15.52050593442579,0.5871955220217714,33.09455318775176,4
2022-11-30 05:47:07.332662,True Crime,453,59.0634016669828,0.6308247780105618,23.663482330959013,3
2022-11-30 05:47:07.332662,Comedy,500,41.5933324710726,0.5201130608260925,18.506769913291592,7
2022-11-30 05:47:07.332662,News,464,77.97428053524192,0.5882427285488352,29.629199584282,5
2022-11-30 05:47:07.332662,Sports,495,8.9930207400171,0.5858615194208424,28.45437209150313,6
2022-11-30 05:47:07.332662,Business,541,52.60963840288257,0.5940491575765657,20.849529327370238,3
2022-11-30 05:47:07.332662,Tech,526,19.095993965229454,0.45263328907375927,20.368398474838315,5
2022-11-30 05:47:07.332662,Music,491,15.621687646381732,0.45863655602312625,19.635272112230947,1
2022-11-30 05:47:07.332662,Education,492,31.855219936072093,0.46655545608717913,21.14698810918098,4
2022-12-31 05:47:07.332662,True Crime,500,0.07319550125532123,0.523727045121288,33.123834669599944,9
2022-12-31 05:47:07.332662,Comedy,520,54.92537158900818,0.7104014632559053,17.761143217614883,9
2022-12-31 05:47:07.332662,News,503,76.68529450627433,0.6727164557090112,20.791649183999347,9
2022-12-31 05:47:07.332662,Sports,519,46.32327502584751,0.7782088240964171,18.011377399026877,3
2022-12-31 05:47:07.332662,Business,488,37.011592356729366,0.4781260589663617,29.678452602587775,7
2022-12-31 05:47:07.332662,Tech,496,7.50350637992606,0.5568675061299093,25.32003658758407,7
2022-12-31 05:47:07.332662,Music,482,19.25341061119634,0.7844831711589251,33.649845239605646,3
2022-12-31 05:47:07.332662,Education,535,46.40564558083201,0.551444386191908,21.52369205125377,5
2023-01-31 05:47:07.332662,True Crime,497,41.45033961732069,0.7249933275097193,22.858074747260908,3
2023-01-31 05:47:07.332662,Comedy,536,15.137614931964691,0.5429049534280083,30.098695776114678,4
2023-01-31 05:47:07.332662,News,529,2.2715265762736503,0.5582486153591133,19.69832141024305,6
2023-01-31 05:47:07.332662,Sports,499,124.20116138353454,0.6931702592914334,22.177166076841516,6
2023-01-31 05:47:07.332662,Business,461,129.02440161415058,0.411283984171368,34.75706841061733,2
2023-01-31 05:47:07.332662,Tech,487,44.86439590608667,0.5802152569777442,28.600751630879927,5
2023-01-31 05:47:07.332662,Music,499,8.204917713913582,0.7684321677351674,34.16387672560706,4
2023-01-31 05:47:07.332662,Education,496,10.545280009712247,0.5815618656853786,33.90742969961151,8
2023-02-28 05:47:07.332662,True Crime,492,6.890319153330244,0.745335332443891,23.351646155513578,6
2023-02-28 05:47:07.332662,Comedy,500,38.871524823587976,0.46058473461678595,27.07237728139246,6
2023-02-28 05:47:07.332662,News,507,74.18084494709429,0.5398320606356626,19.66699268139076,10
2023-02-28 05:47:07.332662,Sports,502,23.898414697356564,0.40156725510513624,23.243017656096605,2
2023-02-28 05:47:07.332662,Business,481,14.73338922193129,0.5290205485799518,26.080226857334626,5
2023-02-28 05:47:07.332662,Tech,489,2.397182865401035,0.6515711568772691,21.588938684468403,6
2023-02-28 05:47:07.332662,Music,533,66.91609376520962,0.6754446465805789,30.990430014003756,4
2023-02-28 05:47:07.332662,Education,505,24.799354335479517,0.5241911945425267,18.951335360571093,4
2023-03-31 05:47:07.332662,True Crime,497,29.343595355448898,0.6830752395706041,20.691071359069248,7
2023-03-31 05:47:07.332662,Comedy,468,88.28739395120131,0.5219035574576216,15.518053068046445,6
2023-03-31 05:47:07.332662,News,494,34.32207361895146,0.4755544877569826,34.86535630051225,4
2023-03-31 05:47:07.332662,Sports,534,67.85345321188939,0.469098987182519,26.76687455507022,9
2023-03-31 05:47:07.332662,Business,453,6.47661102281286,0.57738442577567,23.599065855900577,5
2023-03-31 05:47:07.332662,Tech,477,63.70218036254434,0.5651864258139648,26.8909218493228,2
2023-03-31 05:47:07.332662,Music,474,0.5604295565533461,0.7966674235474711,17.72595989394023,5
2023-03-31 05:47:07.332662,Education,490,49.57403462304637,0.5508973499892272,16.893079156393988,8
2023-04-30 05:47:07.332662,True Crime,473,27.459091081683567,0.44231561652704837,25.25779784626976,6
2023-04-30 05:47:07.332662,Comedy,492,36.603110986162825,0.5209517162721622,21.191005948959052,5
2023-04-30 05:47:07.332662,News,484,15.758472495018323,0.6141966200569561,33.95069366054685,3
2023-04-30 05:47:07.332662,Sports,486,0.9058203392978976,0.6837697109220677,28.959936631509898,7
2023-04-30 05:47:07.332662,Business,533,83.31118436359196,0.5507462752603283,23.87214200484332,2
2023-04-30 05:47:07.332662,Tech,488,1.8856425678831474,0.6773979530424333,27.909786569260472,4
2023-04-30 05:47:07.332662,Music,545,27.261811135121622,0.5974194477454104,17.298882913241552,0
2023-04-30 05:47:07.332662,Education,517,9.93589123097375,0.5015947723190809,33.3149662011825,6
2023-05-31 05:47:07.332662,True Crime,501,1.5801664382432647,0.7191536899037476,19.695239742241423,2
2023-05-31 05:47:07.332662,Comedy,485,10.305520123622426,0.6794180925943398,16.23364576687094,5
2023-05-31 05:47:07.332662,News,497,23.72167206726785,0.5383131973361113,33.612119349642846,7
2023-05-31 05:47:07.332662,Sports,464,108.74439783101704,0.5211304486967647,21.807517947042626,7
2023-05-31 05:47:07.332662,Business,518,38.88851419762359,0.6352574772552434,24.510836569378892,7
2023-05-31 05:47:07.332662,Tech,504,49.873516868375695,0.5625959813889625,24.76940554949266,9
2023-05-31 05:47:07.332662,Music,503,61.63358288002109,0.48614954098156926,26.295128371364697,2
2023-05-31 05:47:07.332662,Education,478,8.866825806003622,0.5395554922103895,34.71168516232705,1
2023-06-30 05:47:07.332662,True Crime,466,35.68685530790127,0.7745192218543338,31.94944729162101,7
2023-06-30 05:47:07.332662,Comedy,512,1.1929283700682398,0.6520864975003051,29.465086409790054,5
2023-06-30 05:47:07.332662,News,517,28.447958714693712,0.6706178911605087,29.59714001337316,3
2023-06-30 05:47:07.332662,Sports,490,9.895980566275526,0.43643364029942155,20.136590574124902,5
2023-06-30 05:47:07.332662,Business,519,58.443963487076935,0.6489320334062316,31.528516055325568,1
2023-06-30 05:47:07.332662,Tech,509,74.52029065357623,0.6100572095783204,17.781420659342995,3
2023-06-30 05:47:07.332662,Music,512,48.90950790708982,0.6250264319936245,23.528728489796883,4
2023-06-30 05:47:07.332662,Education,493,19.926205754499893,0.5629896590143496,32.08976493945163,2
2023-07-31 05:47:07.332662,True Crime,464,13.44880999393649,0.48955198025050406,32.97436600242022,8
2023-07-31 05:47:07.332662,Comedy,476,46.71664570218568,0.7844334540121809,17.593019028012304,3
2023-07-31 05:47:07.332662,News,472,4.74069511111977,0.7447400747908112,34.939996201630755,10
2023-07-31 05:47:07.332662,Sports,477,213.51644421240263,0.7026188602013934,23.96770873037852,5
2023-07-31 05:47:07.332662,Business,524,6.694397907204734,0.7801202340260456,30.237617122652857,6
2023-07-31 05:47:07.332662,Tech,473,14.721139235820957,0.6787184096397498,17.9875425006888,4
2023-07-31 05:47:07.332662,Music,463,36.96000137671119,0.7662770419784178,33.33937851557057,1
2023-07-31 05:47:07.332662,Education,467,39.51004743264475,0.5892244093514329,33.719601651761344,2
2023-08-31 05:47:07.332662,True Crime,519,128.2223670827295,0.7607543082090495,15.637511448435411,6
2023-08-31 05:47:07.332662,Comedy,482,8.630168251161596,0.7037303223056954,21.483899497326505,9
2023-08-31 05:47:07.332662,News,513,34.59386345344656,0.49589159945771455,19.382150769022463,4
2023-08-31 05:47:07.332662,Sports,491,2.5990304183370045,0.6331087863072105,17.480091656117555,4
2023-08-31 05:47:07.332662,Business,512,80.9223743408383,0.535279384023123,28.415292599570797,6
2023-08-31 05:47:07.332662,Tech,477,6.477988605379357,0.5045784339730285,34.30177705261704,3
2023-08-31 05:47:07.332662,Music,533,187.27191294935727,0.4691436280862005,19.293695451625904,3
2023-08-31 05:47:07.332662,Education,511,65.95043893672016,0.5838767619441265,18.20405095235547,4
2023-09-30 05:47:07.332662,True Crime,516,19.19184197532687,0.5346969967906394,27.445335381619117,7
2023-09-30 05:47:07.332662,Comedy,475,5.718223898493101,0.6318386964851753,20.53572681127529,2
2023-09-30 05:47:07.332662,News,523,129.04128723404972,0.7391289398946113,34.80883194004431,3
2023-09-30 05:47:07.332662,Sports,475,62.12364757248224,0.495324293083794,15.207173368881667,6
2023-09-30 05:47:07.332662,Business,487,38.580272394120406,0.4961586326861606,29.44771244369507,3
2023-09-30 05:47:07.332662,Tech,536,24.3793262850429,0.5697006753749851,15.920794591508114,6
2023-09-30 05:47:07.332662,Music,477,100.55078421111918,0.6286519293034328,16.193921353261672,5
2023-09-30 05:47:07.332662,Education,493,3.740670264842057,0.5324890099936396,18.890760849962525,3
2023-10-31 05:47:07.332662,True Crime,477,176.2638611108898,0.5169321695490655,31.822756806825822,3
2023-10-31 05:47:07.332662,Comedy,486,102.8234367932173,0.5494173822919771,30.51607379515707,5
2023-10-31 05:47:07.332662,News,495,36.098550859769404,0.6899961159235813,27.920029260588738,1
2023-10-31 05:47:07.332662,Sports,525,71.04554643862555,0.7631173464970797,23.944338079663844,5
2023-10-31 05:47:07.332662,Business,489,6.560195699304501,0.5456190359778782,28.315612254403977,4
2023-10-31 05:47:07.332662,Tech,471,21.80155176543647,0.7386795093112618,17.054828007981918,3
2023-10-31 05:47:07.332662,Music,510,176.76519182788377,0.769783252526748,20.38697924213024,6
2023-10-31 05:47:07.332662,Education,517,4.148092848392384,0.7866280262986715,24.488657479301978,7
2023-11-30 05:47:07.332662,True Crime,505,31.218430571499876,0.7154955202945958,17.41296007081211,2
2023-11-30 05:47:07.332662,Comedy,490,15.930580788975156,0.4196464315582342,23.485609348728048,1
2023-11-30 05:47:07.332662,News,500,13.953768671401964,0.5326474353653076,27.807300249142127,3
2023-11-30 05:47:07.332662,Sports,495,14.694180572588033,0.679314354260756,23.06069142029796,7
2023-11-30 05:47:07.332662,Business,527,10.5823081219075,0.669756169219321,24.419551903758002,5
2023-11-30 05:47:07.332662,Tech,495,13.058435731356782,0.4152767578081192,28.248806244695995,8
2023-11-30 05:47:07.332662,Music,530,17.25769149188492,0.4487091719126068,22.766521829100704,10
2023-11-30 05:47:07.332662,Education,501,29.152752490684282,0.6586131398226668,31.1621217481918,5
2023-12-31 05:47:07.332662,True Crime,464,36.886076430185796,0.5603964224229149,20.928194174270224,3
2023-12-31 05:47:07.332662,Comedy,527,89.16581319127775,0.7856840927883315,22.254813310045158,8
2023-12-31 05:47:07.332662,News,487,111.76739432619107,0.4516895501572773,18.890913019034773,2
2023-12-31 05:47:07.332662,Sports,435,13.051010638773633,0.6076214841283983,24.55477394899248,8
2023-12-31 05:47:07.332662,Business,471,72.13666426880525,0.4612115141795693,18.15533972426101,2
2023-12-31 05:47:07.332662,Tech,510,6.649225167461062,0.6991061198240758,28.643727030503516,5
2023-12-31 05:47:07.332662,Music,496,30.836138936841145,0.7842292112049435,21.526314510907113,4
2023-12-31 05:47:07.332662,Education,492,154.77629336734634,0.5169837322452473,19.02139165056395,5
2024-01-31 05:47:07.332662,True Crime,472,17.02470733965773,0.6566740587957428,29.65063734489718,1
2024-01-31 05:47:07.332662,Comedy,519,38.7708715684785,0.6786974844963515,22.776705456814618,8
2024-01-31 05:47:07.332662,News,480,2.6837556121351196,0.7174222296189414,30.413568149041154,2
2024-01-31 05:47:07.332662,Sports,539,36.752984728569416,0.6226320350477575,29.82347944822307,6
2024-01-31 05:47:07.332662,Business,504,66.08715005052773,0.5849222250483306,32.13871358429025,4
2024-01-31 05:47:07.332662,Tech,484,111.1582450756315,0.49638005018060133,31.0527328491862,4
2024-01-31 05:47:07.332662,Music,503,6.35392059176204,0.7872631124405771,28.83479567679055,4
2024-01-31 05:47:07.332662,Education,496,1.316948719326974,0.5745756919096829,29.40708213929243,6
2024-02-29 05:47:07.332662,True Crime,511,75.75496263254524,0.7312826303998468,21.34103806151588,6
2024-02-29 05:47:07.332662,Comedy,501,3.7980897589161082,0.6932496895039018,25.706544192274727,0
2024-02-29 05:47:07.332662,News,469,63.71572380644456,0.7200680776473728,34.30502400616819,5
2024-02-29 05:47:07.332662,Sports,507,29.067457342976272,0.714079929836265,26.882825937851948,4
2024-02-29 05:47:07.332662,Business,532,64.00626400635657,0.6278491383865532,18.056876926527913,4
2024-02-29 05:47:07.332662,Tech,484,118.66845547071698,0.7970299179664772,30.64087479950305,5
2024-02-29 05:47:07.332662,Music,522,61.9681327824602,0.42362431808645723,17.31683833901897,9
2024-02-29 05:47:07.332662,Education,475,177.9849148923656,0.5712279676198933,15.348346160453936,1
2024-03-31 05:47:07.332662,True Crime,514,27.459513854255174,0.7424425492078545,26.21995828422892,5
2024-03-31 05:47:07.332662,Comedy,547,164.76068168588762,0.616244239196051,32.77092940267496,2
2024-03-31 05:47:07.332662,News,489,15.47465005477689,0.518849348838737,15.353229077038566,3
2024-03-31 05:47:07.332662,Sports,563,122.79421305049176,0.6816787377873708,31.021707690571162,10
2024-03-31 05:47:07.332662,Business,503,67.8842455457775,0.5070703528282574,16.58923389079641,4
2024-03-31 05:47:07.332662,Tech,493,11.175424924786807,0.4077229613970262,19.54776279832167,6
2024-03-31 05:47:07.332662,Music,539,17.12617724130867,0.6773057364994794,19.463358452008677,4
2024-03-31 05:47:07.332662,Education,480,0.8087474056398446,0.4838201657136016,34.83150140726222,8
2024-04-30 05:47:07.332662,True Crime,526,102.03337191832263,0.4228018890704241,27.170543552361426,7
2024-04-30 05:47:07.332662,Comedy,530,36.42724902363301,0.6386567049627003,21.142246159826254,4
2024-04-30 05:47:07.332662,News,502,4.457343816665373,0.7409702017130875,17.740473472340213,6
2024-04-30 05:47:07.332662,Sports,504,1.6869935923024844,0.7970161072427764,24.974681568449377,10
2024-04-30 05:47:07.332662,Business,508,55.78761687168169,0.46553066757271405,34.16232080823183,5
2024-04-30 05:47:07.332662,Tech,530,36.38364078043418,0.6968907049909305,26.705463350402184,8
2024-04-30 05:47:07.332662,Music,493,79.07394950094768,0.459735453540169,28.333464707926403,8
2024-04-30 05:47:07.332662,Education,511,147.8064696194756,0.7473908660494919,26.43544630703317,6
2024-05-31 05:47:07.332662,True Crime,468,116.1765494544825,0.7707807169858932,34.222801896594426,4
2024-05-31 05:47:07.332662,Comedy,517,24.399689839700557,0.42711602919913205,15.15545329359438,6
2024-05-31 05:47:07.332662,News,537,13.438795494789737,0.43258662714973783,28.458231929717034,3
2024-05-31 05:47:07.332662,Sports,534,142.5734143361701,0.7410290770290293,19.00647258641835,4
2024-05-31 05:47:07.332662,Business,478,17.64151861911219,0.7185117007845768,18.197946662229974,7
2024-05-31 05:47:07.332662,Tech,495,25.00130291043905,0.6422390588228217,24.361421739933405,3
2024-05-31 05:47:07.332662,Music,473,42.785701625115216,0.5093044822165798,21.902189348215256,3
2024-05-31 05:47:07.332662,Education,463,31.627930677967043,0.6766141047194801,18.74724360248758,3
2024-06-30 05:47:07.332662,True Crime,498,45.198076766586695,0.4360369993875558,17.63704183807322,2
2024-06-30 05:47:07.332662,Comedy,497,158.0187520769237,0.7914594697057686,30.801483912410212,3
2024-06-30 05:47:07.332662,News,484,6.070466595621955,0.6685994617690005,23.866708528043507,7
2024-06-30 05:47:07.332662,Sports,490,32.865524198592794,0.5389132575369514,32.87822129847283,3
2024-06-30 05:47:07.332662,Business,461,86.21174300832052,0.6431173394168322,16.51068100851773,4
2024-06-30 05:47:07.332662,Tech,512,6.31507088796521,0.7855878828137819,22.05206827683466,6
2024-06-30 05:47:07.332662,Music,548,20.075316444702747,0.5839104173377627,30.46136064919373,7
2024-06-30 05:47:07.332662,Education,489,64.14338961114402,0.7299549575749273,15.795557278636634,5
2024-07-31 05:47:07.332662,True Crime,507,30.70395800435863,0.7950075068425408,31.340793420487888,2
2024-07-31 05:47:07.332662,Comedy,489,53.576000331421504,0.47486888094710084,22.975070909747476,5
2024-07-31 05:47:07.332662,News,492,90.16413688213383,0.6561715037358214,26.85341608167971,2
2024-07-31 05:47:07.332662,Sports,474,25.870928006470983,0.7506021635487072,31.762889555939434,14
2024-07-31 05:47:07.332662,Business,486,8.281300828918726,0.6921107112211125,16.566890521587343,4
2024-07-31 05:47:07.332662,Tech,485,29.358756617872395,0.5211355438409239,18.3811314413622,6
2024-07-31 05:47:07.332662,Music,498,12.224799269023924,0.5106563792899265,30.160754862877706,3
2024-07-31 05:47:07.332662,Education,488,85.68550275372218,0.7329045952980554,28.640513848998413,3
2024-08-31 05:47:07.332662,True Crime,512,14.507013775033242,0.579268444401012,27.24827949300953,7
2024-08-31 05:47:07.332662,Comedy,526,8.235139556974271,0.4182937054655589,23.938564550003434,5
2024-08-31 05:47:07.332662,News,467,50.27860238570192,0.6308571492993098,31.748879392759374,10
2024-08-31 05:47:07.332662,Sports,497,2.296561796340805,0.7535037605154314,22.774750243705842,3
2024-08-31 05:47:07.332662,Business,526,108.91183487259235,0.42486767003342996,25.88427128089633,4
2024-08-31 05:47:07.332662,Tech,519,58.21704307763338,0.4440044530824978,16.354634946176052,7
2024-08-31 05:47:07.332662,Music,523,4.359781357014054,0.7456100622315209,23.398025541847634,3
2024-08-31 05:47:07.332662,Education,489,19.68001162886846,0.6462344956694458,23.304974785651133,4
2024-09-30 05:47:07.332662,True Crime,482,182.6692751628031,0.4727012045849105,19.768247650216402,8
2024-09-30 05:47:07.332662,Comedy,530,91.22996685183773,0.7346762462928711,28.142626298114656,7
2024-09-30 05:47:07.332662,News,511,116.99477323545813,0.7599491195142697,25.06075806901989,5
2024-09-30 05:47:07.332662,Sports,507,23.820516305237682,0.5983988518521707,27.659370895186267,6
2024-09-30 05:47:07.332662,Business,506,65.10276582940469,0.5613027479765214,25.414386127207532,5
2024-09-30 05:47:07.332662,Tech,553,99.17692842164777,0.7478467745370384,31.234853454737486,4
2024-09-30 05:47:07.332662,Music,513,119.36739945508421,0.4221178985939009,31.84622534880672,7
2024-09-30 05:47:07.332662,Education,492,67.02715063021364,0.6092844865947434,18.650823538379274,5
2024-10-31 05:47:07.332662,True Crime,482,86.51156326327465,0.7876813162476058,26.40412888775442,3
2024-10-31 05:47:07.332662,Comedy,512,77.96891899609277,0.5196956774418615,19.554083487065167,4
2024-10-31 05:47:07.332662,News,509,4.904489159415576,0.5855736994607158,15.28163114479315,4
2024-10-31 05:47:07.332662,Sports,527,103.3192440486825,0.4198356598683288,23.237395108856063,3
2024-10-31 05:47:07.332662,Business,518,57.70189460275276,0.45060007206970143,34.045783828380905,12
2024-10-31 05:47:07.332662,Tech,499,15.227660862908643,0.7272877418605745,16.836660179009865,5
2024-10-31 05:47:07.332662,Music,477,6.346336200009084,0.6681909978456637,20.23988734267943,2
2024-10-31 05:47:07.332662,Education,502,101.25707841372227,0.4979421509811286,26.463152187107788,4
2024-11-30 05:47:07.332662,True Crime,465,63.270748420181334,0.7785072986022551,31.382759992096712,5
2024-11-30 05:47:07.332662,Comedy,509,1.4901813590876536,0.5439588994291344,15.853826498735375,1
2024-11-30 05:47:07.332662,News,456,17.501690730141135,0.4599102945986609,33.36299909491898,1
2024-11-30 05:47:07.332662,Sports,490,48.416781403290614,0.47088407274941735,32.24449890181956,4
2024-11-30 05:47:07.332662,Business,516,4.113023282552535,0.6585938982375255,33.24202585104359,9
2024-11-30 05:47:07.332662,Tech,512,27.691934016074587,0.7806741322967826,34.265826063303166,8
2024-11-30 05:47:07.332662,Music,466,11.271932911317498,0.4889927291448279,21.999461622655716,5
2024-11-30 05:47:07.332662,Education,502,111.1069563400239,0.7274374840518497,27.955681850845558,3
2024-12-31 05:47:07.332662,True Crime,475,30.76914961648291,0.769686283993085,15.404427678607753,5
2024-12-31 05:47:07.332662,Comedy,475,19.190697452306875,0.4464034639161413,33.69308903510698,6
2024-12-31 05:47:07.332662,News,482,14.23103618414018,0.7702420775809575,32.666576845998385,7
2024-12-31 05:47:07.332662,Sports,513,102.84544352905809,0.7053732802332336,20.59526292805943,7
2024-12-31 05:47:07.332662,Business,480,31.037660118686695,0.6735500945233541,18.35425492487387,4
2024-12-31 05:47:07.332662,Tech,487,86.09220547209516,0.46382583697784,34.06071436555468,10
2024-12-31 05:47:07.332662,Music,519,2.7075486393512236,0.41648190259505574,28.321641250470705,1
2024-12-31 05:47:07.332662,Education,498,17.443107240610402,0.5570019887035893,19.041131893840248,3
2025-01-31 05:47:07.332662,True Crime,510,55.24857980440952,0.5319032398694521,20.9062471355077,4
2025-01-31 05:47:07.332662,Comedy,494,3.224641572118862,0.7648887116685223,30.69994820616657,6
2025-01-31 05:47:07.332662,News,529,28.70845449182738,0.6777573579497546,27.227432578168102,4
2025-01-31 05:47:07.332662,Sports,518,47.95962506196475,0.6258796449402637,19.936887114880804,6
2025-01-31 05:47:07.332662,Business,489,14.176330497467504,0.7486576570281549,25.016884584392212,3
2025-01-31 05:47:07.332662,Tech,487,35.03869904532829,0.4715569242055769,29.397471773003307,5
2025-01-31 05:47:07.332662,Music,513,20.067581791873906,0.7348142404835335,26.418344714359815,6
2025-01-31 05:47:07.332662,Education,541,151.73510342368007,0.49075894604948206,34.4388838529772,7
2025-02-28 05:47:07.332662,True Crime,533,15.812216598653993,0.7472521183626826,32.95946407412578,4
2025-02-28 05:47:07.332662,Comedy,498,7.814468806358973,0.6757213576648116,28.112417134751016,4
2025-02-28 05:47:07.332662,News,526,41.71663664508192,0.47791106535514927,33.12703859924367,2
2025-02-28 05:47:07.332662,Sports,522,6.434951135789933,0.6493302483754562,18.982092113273005,2
2025-02-28 05:47:07.332662,Business,489,9.552883987260794,0.5293703616099177,27.96020391276848,4
2025-02-28 05:47:07.332662,Tech,505,85.11286786192456,0.5244301099223594,23.293112412918976,2
2025-02-28 05:47:07.332662,Music,477,10.57722000368157,0.7653250103722102,33.35427815010574,7
2025-02-28 05:47:07.332662,Education,496,14.383309047388998,0.5898870971007859,28.46859845079901,3
2025-03-31 05:47:07.332662,True Crime,443,167.05292491561866,0.6904843946258032,22.365994421899476,6
2025-03-31 05:47:07.332662,Comedy,523,0.2569203480092707,0.4869771947460058,29.07737335503477,12
2025-03-31 05:47:07.332662,News,475,36.856371005048985,0.4517487068730017,29.65625337063687,5
2025-03-31 05:47:07.332662,Sports,459,26.145895990936737,0.6031424678939631,17.20673983451067,4
2025-03-31 05:47:07.332662,Business,498,19.68584142684747,0.5465445323383052,30.209587079253005,5
2025-03-31 05:47:07.332662,Tech,493,6.028458238852952,0.7891290784583815,15.573219920546356,9
2025-03-31 05:47:07.332662,Music,481,62.57825252493079,0.791367740710931,27.680184230856483,2
2025-03-31 05:47:07.332662,Education,508,3.1882829181266255,0.5552518441308979,31.96513964607723,1
2025-04-30 05:47:07.332662,True Crime,510,78.28848026273906,0.6099155735241618,31.622866548210435,2
2025-04-30 05:47:07.332662,Comedy,497,105.0387826710309,0.5133739101632079,19.864393433660222,5
2025-04-30 05:47:07.332662,News,502,34.863852505472344,0.7638038496693589,28.012125796791846,5
2025-04-30 05:47:07.332662,Sports,514,117.42120040550105,0.7746387481273687,33.149505493846966,6
2025-04-30 05:47:07.332662,Business,483,18.440008942211346,0.7087132746130809,32.41535926096495,8
2025-04-30 05:47:07.332662,Tech,503,18.43327133641818,0.7741592901294818,27.451543527975712,5
2025-04-30 05:47:07.332662,Music,497,52.223900636497966,0.7124139349324696,30.988561413417624,3
2025-04-30 05:47:07.332662,Education,518,224.94355126826454,0.6841427893599563,20.02771552466594,9
2025-05-31 05:47:07.332662,True Crime,509,84.44634570102384,0.7782210708563573,32.5848550544101,6
2025-05-31 05:47:07.332662,Comedy,501,11.571153852446985,0.5551128855510222,19.497679886998455,6
2025-05-31 05:47:07.332662,News,479,6.4450932990327265,0.66218229737114,33.36719651269382,9
2025-05-31 05:47:07.332662,Sports,483,70.0665294296918,0.5672747316938519,34.72101498499059,4
2025-05-31 05:47:07.332662,Business,536,71.23373942125349,0.4200008640085436,16.702450813547628,5
2025-05-31 05:47:07.332662,Tech,456,33.860456681608206,0.5625802079001886,24.65598223799859,4
2025-05-31 05:47:07.332662,Music,528,41.407879483634055,0.6312799638694548,34.62631435507923,4
2025-05-31 05:47:07.332662,Education,480,72.80407774843336,0.696800896272082,22.87495959714059,2
2025-06-30 05:47:07.332662,True Crime,499,21.605125672890754,0.5166696745866208,27.70009303650655,4
2025-06-30 05:47:07.332662,Comedy,497,10.269760132192083,0.4770745579008455,28.35887933289782,5
2025-06-30 05:47:07.332662,News,502,24.54474269217811,0.7614328331639476,23.82125597740328,6
2025-06-30 05:47:07.332662,Sports,493,0.032937332692610184,0.5288566555710347,16.362027145253496,4
2025-06-30 05:47:07.332662,Business,507,12.049750926746974,0.49202186349019744,32.635277453880896,6
2025-06-30 05:47:07.332662,Tech,476,22.706150648032448,0.6866155096867091,16.74984658355994,2
2025-06-30 05:47:07.332662,Music,515,66.82791871641737,0.6886444651142095,19.53094242980633,10
2025-06-30 05:47:07.332662,Education,506,10.716428229370713,0.45638569638867793,26.88624134064749,4
2025-07-31 05:47:07.332662,True Crime,475,30.540382756059742,0.6544199962298719,26.530934944608163,3
2025-07-31 05:47:07.332662,Comedy,486,92.08874393642742,0.7742149054549368,30.2988166747928,4
2025-07-31 05:47:07.332662,News,506,39.41505270883135,0.5628789832849553,21.662937486064678,4
2025-07-31 05:47:07.332662,Sports,497,30.365675235643458,0.6518785571495453,23.30551478181739,8
2025-07-31 05:47:07.332662,Business,497,26.613666986011925,0.44470838796577544,21.389855294982276,4
2025-07-31 05:47:07.332662,Tech,490,0.5966850383251445,0.6864631841649216,31.431259331055067,4
2025-07-31 05:47:07.332662,Music,542,53.63408121546323,0.6144112112733975,25.447162583711677,8
2025-07-31 05:47:07.332662,Education,485,9.851803173208255,0.45822207487309685,34.62585871601056,6
2025-08-31 05:47:07.332662,True Crime,500,1.2503424005358166,0.7860210220521255,22.974242686762597,4
2025-08-31 05:47:07.332662,Comedy,489,5.448382315763934,0.7394960586279883,34.40456706909086,3
2025-08-31 05:47:07.332662,News,518,129.11400349490856,0.717313237276483,15.933635637522038,5
2025-08-31 05:47:07.332662,Sports,475,0.6798890976394989,0.6611972870940577,22.587136889842327,6
2025-08-31 05:47:07.332662,Business,485,11.47517579710205,0.5084691287804437,20.11639709750085,2
2025-08-31 05:47:07.332662,Tech,475,101.91744140888932,0.6824605602663094,20.234735316539624,5
2025-08-31 05:47:07.332662,Music,460,5.013270726099678,0.5954459959259536,18.58439603936594,6
2025-08-31 05:47:07.332662,Education,499,12.85412750099292,0.7597627735206911,18.502801245976706,3
2025-09-30 05:47:07.332662,True Crime,469,15.423118741146554,0.5959780250087454,32.24018309726651,3
2025-09-30 05:47:07.332662,Comedy,497,73.33976141866904,0.527533628442311,18.593123243957553,5
2025-09-30 05:47:07.332662,News,455,19.849466524328264,0.5563868914251088,23.357303586272597,7
2025-09-30 05:47:07.332662,Sports,474,104.4907988388738,0.5132083320485111,25.43483846002229,3
2025-09-30 05:47:07.332662,Business,550,5.856999096431109,0.7064276892707058,15.255750498832077,6
2025-09-30 05:47:07.332662,Tech,501,22.75722219763107,0.6493041620250034,19.68016500061755,7
2025-09-30 05:47:07.332662,Music,510,42.5855754185113,0.6903526531076597,29.148066403049583,7
2025-09-30 05:47:07.332662,Education,483,90.33571682866362,0.40995726005620214,30.847585419548086,5
2025-10-31 05:47:07.332662,True Crime,483,28.387501567014912,0.688195246712293,27.504415251502806,3
2025-10-31 05:47:07.332662,Comedy,504,11.399780599467304,0.5636922288462373,19.423356436322358,3
2025-10-31 05:47:07.332662,News,496,48.09796419212018,0.7541461222180308,27.4124770199194,6
2025-10-31 05:47:07.332662,Sports,489,82.14729819312888,0.46815186642455564,31.531380245302213,3
2025-10-31 05:47:07.332662,Business,512,28.31590333458194,0.49143041439918506,25.36884823506381,10
2025-10-31 05:47:07.332662,Tech,508,36.61967720282121,0.5228736331519069,26.412855518649078,5
2025-10-31 05:47:07.332662,Music,477,108.63952397421622,0.6580709252375021,22.024768592869147,3
2025-10-31 05:47:07.332662,Education,508,68.93320097984062,0.5414904630085888,21.323067710822333,2
2025-11-30 05:47:07.332662,True Crime,535,39.98877108535399,0.4504081615006809,21.117800220023252,7
2025-11-30 05:47:07.332662,Comedy,439,100.05947488623784,0.6582315767504311,32.159885776749256,2
2025-11-30 05:47:07.332662,News,489,1.348774957487312,0.6634655651350463,31.632750997916204,9
2025-11-30 05:47:07.332662,Sports,516,13.460673991042007,0.6862192868517171,29.675839524771693,2
2025-11-30 05:47:07.332662,Business,519,53.661183175945816,0.5490129465136177,32.720938870948004,3
2025-11-30 05:47:07.332662,Tech,503,54.74989823607109,0.7738256699745569,33.67403592952462,9
2025-11-30 05:47:07.332662,Music,469,55.272928364455495,0.4210691756076942,24.0164230175813,10
2025-11-30 05:47:07.332662,Education,512,123.22427810119522,0.7229248919425778,17.016955531222166,9
2025-12-31 05:47:07.332662,True Crime,479,11.771087580901442,0.6474707971563447,25.087538193481716,4
2025-12-31 05:47:07.332662,Comedy,498,82.11443306562441,0.5186333599083931,26.625443885468528,8
2025-12-31 05:47:07.332662,News,518,36.622935698079445,0.5588734980018891,22.50307136333511,3
2025-12-31 05:47:07.332662,Sports,461,16.40517861215828,0.5099553082793237,15.767469115186119,7
2025-12-31 05:47:07.332662,Business,504,28.520509854026827,0.7598120007273788,20.262327488591158,2
2025-12-31 05:47:07.332662,Tech,485,78.68665266406364,0.4521110562695312,16.47781658331031,4
2025-12-31 05:47:07.332662,Music,465,78.93960375345594,0.7391255072786929,21.554347959068348,4
2025-12-31 05:47:07.332662,Education,537,41.20558294035674,0.6512505971908612,32.05515757905185,6
2026-01-31 05:47:07.332662,True Crime,527,13.727435273177505,0.740155355284368,26.445680200845477,7
2026-01-31 05:47:07.332662,Comedy,491,191.91835541015033,0.5312417964639601,23.601596927994606,5
2026-01-31 05:47:07.332662,News,448,17.30044102206747,0.690259203050708,18.950081568299527,3
2026-01-31 05:47:07.332662,Sports,493,76.76322060077962,0.5323634057703658,31.049578384771806,14
2026-01-31 05:47:07.332662,Business,481,35.1809508569367,0.6099026118477773,19.066637965621062,6
2026-01-31 05:47:07.332662,Tech,495,93.5632433367544,0.7626567024120936,19.425289374042414,3
2026-01-31 05:47:07.332662,Music,508,39.23502362494428,0.5075312547697243,19.60930133908169,5
2026-01-31 05:47:07.332662,Education,504,159.99918078319948,0.6444879163951267,20.992544397012736,5
