Date,State,GGR_M,Market_Share_Pct,Active_Users_K,Legal_Since
2021-02-28 06:02:51.319988,New York,114.46154740876636,29.727457049205054,209.01370658805945,2022
2021-02-28 06:02:51.319988,New Jersey,65.15017147726886,34.725824313825946,319.3462080828278,2020
2021-02-28 06:02:51.319988,Pennsylvania,65.87698572489019,25.9629249547179,481.969121876428,2022
2021-02-28 06:02:51.319988,Illinois,59.132297848060695,26.498323566055404,146.85465416973423,2020
2021-02-28 06:02:51.319988,Michigan,18.825796904995226,26.74049422934591,266.66838774116036,2019
2021-02-28 06:02:51.319988,Arizona,47.56751092381416,34.74563304063029,229.44430957430285,2020
2021-02-28 06:02:51.319988,Colorado,24.835761541424787,31.96913528350285,156.14424847689438,2018
2021-02-28 06:02:51.319988,Virginia,25.088888708896572,31.2797139635349,171.4789868385047,2019
2021-03-31 06:02:51.319988,New York,31.883355752656968,37.49070246204703,183.69493855716362,2019
2021-03-31 06:02:51.319988,New Jersey,50.17611414971339,33.263141610034864,145.82607018774013,2018
2021-03-31 06:02:51.319988,Pennsylvania,56.275556802824006,29.135356698983728,141.90163920213462,2018
2021-03-31 06:02:51.319988,Illinois,37.86146976077782,35.47870976422424,132.994662136177,2020
2021-03-31 06:02:51.319988,Michigan,33.742212279817316,33.52811608312393,272.1962169579145,2018
2021-03-31 06:02:51.319988,Arizona,18.51677292988756,35.915567841045394,103.02126638782299,2022
2021-03-31 06:02:51.319988,Colorado,42.49510948432179,39.08045456371329,266.24381001836093,2021
2021-03-31 06:02:51.319988,Virginia,36.66824523407872,30.31916670238085,186.18721245988073,2018
2021-04-30 06:02:51.319988,New York,99.03635832393309,33.27693655105154,389.4850379831252,2018
2021-04-30 06:02:51.319988,New Jersey,30.00577322675659,33.99026864462854,374.1292366739362,2020
2021-04-30 06:02:51.319988,Pennsylvania,59.39207931793437,31.713469742731426,259.1802538684914,2019
2021-04-30 06:02:51.319988,Illinois,46.31318094800056,39.887789918454786,408.556696153586,2020
2021-04-30 06:02:51.319988,Michigan,40.837484890854086,36.278697558280804,385.3090267903797,2022
2021-04-30 06:02:51.319988,Arizona,41.51779788664903,36.65550195550651,162.75164175660623,2022
2021-04-30 06:02:51.319988,Colorado,29.21897612156942,25.546225666196886,97.66724619341167,2022
2021-04-30 06:02:51.319988,Virginia,21.538555119050084,30.794130646560674,196.6270305106164,2020
2021-05-31 06:02:51.319988,New York,34.808831051571666,37.6034830973949,574.1186232993435,2020
2021-05-31 06:02:51.319988,New Jersey,71.3277157706205,26.891438074242025,320.5815711083832,2018
2021-05-31 06:02:51.319988,Pennsylvania,32.08014192192569,38.77878688794939,436.6139485558188,2019
2021-05-31 06:02:51.319988,Illinois,65.00000318133182,26.210752273398032,380.64462638452017,2018
2021-05-31 06:02:51.319988,Michigan,29.534477103607397,39.819401801891374,193.6862988920012,2019
2021-05-31 06:02:51.319988,Arizona,39.724748422510615,34.1234733357182,324.42818061737677,2018
2021-05-31 06:02:51.319988,Colorado,41.83364617559172,29.111061392312177,193.8344720093809,2020
2021-05-31 06:02:51.319988,Virginia,31.219264668968798,36.92154973682698,116.57638732993996,2022
2021-06-30 06:02:51.319988,New York,115.22320845279984,39.94197334307697,247.07842688470362,2018
2021-06-30 06:02:51.319988,New Jersey,79.11485599515274,25.502700207646413,532.2235739801129,2018
2021-06-30 06:02:51.319988,Pennsylvania,39.508643706016734,29.16572769661432,252.73011606630305,2021
2021-06-30 06:02:51.319988,Illinois,47.7653228057229,37.56454314538169,136.85468319766287,2018
2021-06-30 06:02:51.319988,Michigan,16.60506726730128,25.413487416698143,168.43831479649788,2022
2021-06-30 06:02:51.319988,Arizona,23.78876187796037,26.740771007934402,337.1092524639257,2019
2021-06-30 06:02:51.319988,Colorado,45.64901528660802,29.702511013640585,118.76972214479066,2018
2021-06-30 06:02:51.319988,Virginia,10.16188634490954,35.94765807850557,98.44845786471379,2021
2021-07-31 06:02:51.319988,New York,38.59898326276324,37.62415797821642,468.66667360500946,2021
2021-07-31 06:02:51.319988,New Jersey,31.889378856839127,33.46818584559655,197.2094111696986,2020
2021-07-31 06:02:51.319988,Pennsylvania,35.11512361366555,35.16445007070763,142.5953216683251,2021
2021-07-31 06:02:51.319988,Illinois,57.21145939819599,28.84200015022135,333.4279634337669,2021
2021-07-31 06:02:51.319988,Michigan,41.71877213839649,28.147403628584996,123.65493782552304,2021
2021-07-31 06:02:51.319988,Arizona,30.609286481088112,34.923472216104905,283.367673621474,2019
2021-07-31 06:02:51.319988,Colorado,30.955975811517114,36.08394921317575,242.65895642918534,2022
2021-07-31 06:02:51.319988,Virginia,39.89286607102204,38.435223947401425,141.9845512606818,2020
2021-08-31 06:02:51.319988,New York,50.68155170306213,33.326430438435295,665.4281575397805,2021
2021-08-31 06:02:51.319988,New Jersey,84.68004851002058,25.411367915170064,180.4116046006705,2021
2021-08-31 06:02:51.319988,Pennsylvania,44.330802404614275,32.25261611912447,136.30926085577175,2018
2021-08-31 06:02:51.319988,Illinois,65.67061036860511,29.513739739098963,434.97481588468645,2019
2021-08-31 06:02:51.319988,Michigan,58.24106718419521,36.775803002202814,195.74102766091383,2021
2021-08-31 06:02:51.319988,Arizona,23.381604808521374,34.20248329449862,282.7965795848923,2018
2021-08-31 06:02:51.319988,Colorado,17.9724629973248,28.855811751106124,171.9577374069438,2019
2021-08-31 06:02:51.319988,Virginia,38.843361068484896,38.18040790696065,117.95658704719345,2021
2021-09-30 06:02:51.319988,New York,43.02086707077614,26.100823601862096,457.42403629986615,2022
2021-09-30 06:02:51.319988,New Jersey,34.98619368484912,34.99092949181076,437.09236369160317,2019
2021-09-30 06:02:51.319988,Pennsylvania,51.75789920166092,30.71849223800146,295.8414949577765,2018
2021-09-30 06:02:51.319988,Illinois,27.192074446651162,27.128926085301078,382.9414471038932,2018
2021-09-30 06:02:51.319988,Michigan,60.613706938616964,37.346996347617605,183.32162093831673,2020
2021-09-30 06:02:51.319988,Arizona,20.919047232048808,30.891461196502608,206.18406660944748,2020
2021-09-30 06:02:51.319988,Colorado,23.1467827394527,33.82119578661865,100.24351331513121,2021
2021-09-30 06:02:51.319988,Virginia,29.379655828553627,35.04422967947915,234.72070903245165,2020
2021-10-31 06:02:51.319988,New York,62.35547675423951,36.11480934456059,176.73253453067213,2018
2021-10-31 06:02:51.319988,New Jersey,37.11731916213214,33.49840368017731,193.2905355214974,2020
2021-10-31 06:02:51.319988,Pennsylvania,25.90043440656136,36.20132985549104,207.74846414940922,2019
2021-10-31 06:02:51.319988,Illinois,41.63211908591361,34.60213453279459,115.38947155897105,2018
2021-10-31 06:02:51.319988,Michigan,55.85151670879692,38.94485649163521,114.07612906291452,2018
2021-10-31 06:02:51.319988,Arizona,23.554990962864675,25.00616878907477,235.25191437522977,2018
2021-10-31 06:02:51.319988,Colorado,25.982147862491523,31.917499091581426,157.510562606309,2022
2021-10-31 06:02:51.319988,Virginia,34.44805085033896,28.899304108190755,96.86988501350153,2019
2021-11-30 06:02:51.319988,New York,101.37130190932245,25.147245541318572,653.2647982320884,2020
2021-11-30 06:02:51.319988,New Jersey,85.72284740623127,35.979458863001206,474.3391939291831,2021
2021-11-30 06:02:51.319988,Pennsylvania,33.72700823338498,30.533550344032044,283.19146973615045,2021
2021-11-30 06:02:51.319988,Illinois,48.755686304543595,34.198436338068,310.52941453974614,2019
2021-11-30 06:02:51.319988,Michigan,57.52858960187122,27.962313304747937,294.28133904467575,2018
2021-11-30 06:02:51.319988,Arizona,31.24319827830435,29.62878853800377,155.38736165569634,2019
2021-11-30 06:02:51.319988,Colorado,24.620421830162407,26.333844228878483,273.2242575945916,2020
2021-11-30 06:02:51.319988,Virginia,39.58391063729651,35.01593273875811,161.8165427961274,2018
2021-12-31 06:02:51.319988,New York,57.26180507338826,28.845296644843224,156.38677337640107,2022
2021-12-31 06:02:51.319988,New Jersey,57.40756589663804,31.685410760769937,336.93245716000183,2021
2021-12-31 06:02:51.319988,Pennsylvania,68.96377827469647,39.84060732212998,369.36828289724366,2019
2021-12-31 06:02:51.319988,Illinois,42.236890097900094,29.96854140536324,377.6626239318311,2019
2021-12-31 06:02:51.319988,Michigan,53.781166511396684,25.84245372900855,206.7140411173964,2019
2021-12-31 06:02:51.319988,Arizona,52.951623792771194,33.85010633072897,84.48320360360741,2020
2021-12-31 06:02:51.319988,Colorado,23.954660834286486,29.258672985172907,239.01382373576564,2018
2021-12-31 06:02:51.319988,Virginia,39.77680629468552,39.22173042662003,92.98317939966792,2020
2022-01-31 06:02:51.319988,New York,103.96875019061633,26.702776540621883,406.8754311704355,2021
2022-01-31 06:02:51.319988,New Jersey,66.51278598541232,31.58639099271969,594.8489626011218,2022
2022-01-31 06:02:51.319988,Pennsylvania,50.706786652212145,25.60128977698257,113.56153614179219,2021
2022-01-31 06:02:51.319988,Illinois,27.79442671938511,38.0823426405451,319.93919497573876,2022
2022-01-31 06:02:51.319988,Michigan,47.09647218535925,34.26812753620675,360.24700209445456,2022
2022-01-31 06:02:51.319988,Arizona,32.4230943627539,31.3487940422677,209.24055946478566,2020
2022-01-31 06:02:51.319988,Colorado,46.84769196001787,33.7713014272989,267.30963141896774,2020
2022-01-31 06:02:51.319988,Virginia,16.700512299230844,31.153194291400823,218.1674891154402,2019
2022-02-28 06:02:51.319988,New York,104.46450387945256,33.700813920634964,304.6527053487072,2020
2022-02-28 06:02:51.319988,New Jersey,44.35466340460562,25.862612577354714,270.06132254758313,2018
2022-02-28 06:02:51.319988,Pennsylvania,37.751022574463526,25.71249379968282,475.5154943946164,2018
2022-02-28 06:02:51.319988,Illinois,21.034701713396107,26.911789655838604,175.1406310371887,2021
2022-02-28 06:02:51.319988,Michigan,43.26835499517713,30.645275297938973,366.74391984179147,2022
2022-02-28 06:02:51.319988,Arizona,21.77630498072446,36.01649707559427,143.8177347348593,2019
2022-02-28 06:02:51.319988,Colorado,22.064341251074513,30.14093060751961,250.76329694284232,2022
2022-02-28 06:02:51.319988,Virginia,35.39887648324167,36.78668614870221,196.79909617137844,2022
2022-03-31 06:02:51.319988,New York,100.45579237232012,35.3153584374896,438.9069564882406,2019
2022-03-31 06:02:51.319988,New Jersey,77.79910995801636,33.226256840520314,417.1232896300188,2021
2022-03-31 06:02:51.319988,Pennsylvania,58.186212166018564,36.01605539859876,288.18242795834556,2021
2022-03-31 06:02:51.319988,Illinois,47.75347774668324,29.20604456527329,108.93198473587425,2020
2022-03-31 06:02:51.319988,Michigan,34.88841051660822,38.259276482339374,164.4629443606041,2020
2022-03-31 06:02:51.319988,Arizona,53.60150082010573,38.17818301056564,304.1461187376426,2021
2022-03-31 06:02:51.319988,Colorado,28.329114022719942,25.026058296477107,191.2161792244947,2019
2022-03-31 06:02:51.319988,Virginia,36.61104652662453,25.68006217676249,52.23562681304463,2020
2022-04-30 06:02:51.319988,New York,54.03187736582772,35.962787205385546,618.735865581232,2019
2022-04-30 06:02:51.319988,New Jersey,32.237779883821986,33.244721646358826,429.70080721570645,2019
2022-04-30 06:02:51.319988,Pennsylvania,60.73246122429699,25.994080274540558,185.18185269942737,2020
2022-04-30 06:02:51.319988,Illinois,28.588130885492323,36.99797100662163,361.52507944620044,2021
2022-04-30 06:02:51.319988,Michigan,30.52594520718808,34.36841013227838,203.10150280039542,2019
2022-04-30 06:02:51.319988,Arizona,27.36112877372071,28.563123866916456,110.13153359472399,2019
2022-04-30 06:02:51.319988,Colorado,43.82326705527637,34.61950157920011,121.06026727931615,2020
2022-04-30 06:02:51.319988,Virginia,19.36338544934929,39.99762232331098,74.57530507986559,2022
2022-05-31 06:02:51.319988,New York,59.56924438264626,29.37647285627191,390.9102008505127,2021
2022-05-31 06:02:51.319988,New Jersey,46.39837785467728,39.96677501969436,253.48480998953838,2021
2022-05-31 06:02:51.319988,Pennsylvania,58.79990495323192,31.10188972816321,497.1214745396605,2022
2022-05-31 06:02:51.319988,Illinois,61.167802731981666,25.068029540174543,402.54171921730443,2022
2022-05-31 06:02:51.319988,Michigan,27.345436968694788,39.48727739460073,138.35953008040178,2020
2022-05-31 06:02:51.319988,Arizona,26.768621181079595,26.275184275165884,317.3128636696484,2022
2022-05-31 06:02:51.319988,Colorado,26.444177598422495,29.134252628746566,299.58824576769683,2022
2022-05-31 06:02:51.319988,Virginia,29.081880068219295,35.68704054618721,87.76476521133118,2021
2022-06-30 06:02:51.319988,New York,99.72981298635403,36.99039233692446,262.3234125885001,2021
2022-06-30 06:02:51.319988,New Jersey,27.91944172894211,36.566960584847806,127.27117660697071,2018
2022-06-30 06:02:51.319988,Pennsylvania,35.542592626462316,30.88899562872499,397.90108809377773,2019
2022-06-30 06:02:51.319988,Illinois,20.10635110672267,35.75616787610769,102.41324626906777,2022
2022-06-30 06:02:51.319988,Michigan,20.371581417061822,26.24862161093926,200.89726724355592,2019
2022-06-30 06:02:51.319988,Arizona,49.94229861541806,26.889551710689705,74.63685471892812,2020
2022-06-30 06:02:51.319988,Colorado,46.73490199085961,28.20743189265858,259.51529286486885,2019
2022-06-30 06:02:51.319988,Virginia,14.173578476036123,32.61012688456158,107.0647225166227,2021
2022-07-31 06:02:51.319988,New York,35.709526218210335,32.906095093964666,687.5872593449327,2018
2022-07-31 06:02:51.319988,New Jersey,80.52704552175139,33.25955651157294,257.47967395570157,2021
2022-07-31 06:02:51.319988,Pennsylvania,32.25900691712622,31.91889471356802,111.53624332538033,2018
2022-07-31 06:02:51.319988,Illinois,52.63494434161784,37.50135075684748,233.4606591193576,2020
2022-07-31 06:02:51.319988,Michigan,56.2217787640573,35.36721166257429,375.1325792953283,2018
2022-07-31 06:02:51.319988,Arizona,34.33574975353463,34.52980141052655,314.25282636056477,2022
2022-07-31 06:02:51.319988,Colorado,16.580862849746165,39.91876005738786,227.778250326236,2022
2022-07-31 06:02:51.319988,Virginia,13.189929053477112,31.35912643447525,75.22739982254339,2022
2022-08-31 06:02:51.319988,New York,88.79130276855534,29.19952801884019,470.44427422188454,2019
2022-08-31 06:02:51.319988,New Jersey,93.75576748368533,31.59288683678491,264.18124162619097,2022
2022-08-31 06:02:51.319988,Pennsylvania,64.30877899469228,38.90502818195309,498.97897509862776,2019
2022-08-31 06:02:51.319988,Illinois,43.01115361485423,35.89506552396248,135.0026586457836,2018
2022-08-31 06:02:51.319988,Michigan,31.120556718496,38.944026269328326,99.81545435770855,2018
2022-08-31 06:02:51.319988,Arizona,40.83684118952636,25.18149314455438,76.96017918297208,2021
2022-08-31 06:02:51.319988,Colorado,32.371960598392725,36.048803685264716,171.70757755635123,2021
2022-08-31 06:02:51.319988,Virginia,31.409030788876837,27.876907801225244,62.01451118606125,2022
2022-09-30 06:02:51.319988,New York,118.80200237239555,33.27105804956431,428.51622504476245,2018
2022-09-30 06:02:51.319988,New Jersey,73.94749808573926,37.88995848210961,336.30833950592057,2022
2022-09-30 06:02:51.319988,Pennsylvania,53.33029803380347,29.307801109226304,479.89688735881845,2018
2022-09-30 06:02:51.319988,Illinois,48.16573519831291,27.06619739346092,172.04502132283352,2021
2022-09-30 06:02:51.319988,Michigan,28.431315205172844,35.594783985420634,93.74036296381696,2019
2022-09-30 06:02:51.319988,Arizona,31.91476032455275,39.7982596500588,227.85914926382083,2022
2022-09-30 06:02:51.319988,Colorado,42.58343745376695,32.3010557436299,200.86133425550898,2021
2022-09-30 06:02:51.319988,Virginia,17.00210924983799,29.15194492669038,180.95157578442056,2021
2022-10-31 06:02:51.319988,New York,97.02661224139558,29.44445090446598,721.1250042779153,2021
2022-10-31 06:02:51.319988,New Jersey,44.33767561765429,34.755338165029514,494.0907244082449,2018
2022-10-31 06:02:51.319988,Pennsylvania,42.4464268557836,27.3661731450572,417.46888177684815,2019
2022-10-31 06:02:51.319988,Illinois,47.80143566810809,29.24310992124846,308.60641935728216,2019
2022-10-31 06:02:51.319988,Michigan,21.729921776161333,32.75183660423245,167.2332672475357,2019
2022-10-31 06:02:51.319988,Arizona,37.148978539594474,34.54190153970582,168.05007950939913,2021
2022-10-31 06:02:51.319988,Colorado,41.458963208629925,35.39811159108794,171.2638467143503,2022
2022-10-31 06:02:51.319988,Virginia,24.142023860795817,32.18650171660967,215.47375680427865,2022
2022-11-30 06:02:51.319988,New York,36.585253181332625,28.507773739809647,466.2017464491021,2020
2022-11-30 06:02:51.319988,New Jersey,35.87923453753046,35.44355251571873,181.04433091170446,2018
2022-11-30 06:02:51.319988,Pennsylvania,78.92301184877802,30.34906810297769,171.54438847305218,2020
2022-11-30 06:02:51.319988,Illinois,26.840272328529924,38.36671271855485,152.80826561078626,2019
2022-11-30 06:02:51.319988,Michigan,47.110594374594314,28.896282943610483,359.55472014620176,2021
2022-11-30 06:02:51.319988,Arizona,34.329862072881006,33.6651975632127,133.36518254565902,2021
2022-11-30 06:02:51.319988,Colorado,47.392337905529764,38.77946684477983,266.0956351064875,2019
2022-11-30 06:02:51.319988,Virginia,38.42151516123122,39.19074119638408,70.18460828102906,2020
2022-12-31 06:02:51.319988,New York,100.31415268439815,26.708325009962177,514.0647627437844,2021
2022-12-31 06:02:51.319988,New Jersey,77.02462943543061,31.919611883377762,482.7449717543467,2022
2022-12-31 06:02:51.319988,Pennsylvania,40.89900163403455,29.744133210631272,215.05530799538164,2018
2022-12-31 06:02:51.319988,Illinois,48.749631091085455,27.728321145746364,161.2627815772222,2018
2022-12-31 06:02:51.319988,Michigan,41.18777321523363,26.365920422509532,324.10798330047464,2021
2022-12-31 06:02:51.319988,Arizona,47.881784581915866,38.87588093429271,116.18713806280722,2021
2022-12-31 06:02:51.319988,Colorado,15.365212782649646,32.18908316006449,203.611496987702,2021
2022-12-31 06:02:51.319988,Virginia,17.86138312345575,27.436489647827468,212.9961465053614,2021
2023-01-31 06:02:51.319988,New York,37.582910434568696,30.945780544932028,453.64181211703897,2019
2023-01-31 06:02:51.319988,New Jersey,94.08907737620899,35.14946441558927,274.16639557055197,2018
2023-01-31 06:02:51.319988,Pennsylvania,39.85919612879566,31.607672989051764,411.7803296719356,2021
2023-01-31 06:02:51.319988,Illinois,19.249326880616128,27.338410337352897,138.1352230080506,2019
2023-01-31 06:02:51.319988,Michigan,29.33122450693099,30.320635578557184,386.7248956148025,2019
2023-01-31 06:02:51.319988,Arizona,23.517156622066185,32.190843813486715,262.1472645254628,2022
2023-01-31 06:02:51.319988,Colorado,18.58286291538222,28.163151228430458,244.05552895628244,2021
2023-01-31 06:02:51.319988,Virginia,25.160587433925492,33.822343228937484,71.40470449046173,2019
2023-02-28 06:02:51.319988,New York,73.90827504123065,27.54684072217113,324.36659999663107,2018
2023-02-28 06:02:51.319988,New Jersey,24.383105720933123,29.463185614842416,134.86677925191918,2020
2023-02-28 06:02:51.319988,Pennsylvania,56.893292110719386,26.589731111961992,216.40842331651658,2018
2023-02-28 06:02:51.319988,Illinois,54.536848750216656,38.867168928008155,446.4775833264722,2019
2023-02-28 06:02:51.319988,Michigan,57.745170382715564,26.534520990801536,147.34403402955417,2021
2023-02-28 06:02:51.319988,Arizona,14.043503876939226,38.96801646415264,103.24648071292347,2022
2023-02-28 06:02:51.319988,Colorado,36.52388449738476,36.208505043391135,153.4497168766325,2020
2023-02-28 06:02:51.319988,Virginia,10.102943480312398,32.9076479093147,81.21059745200863,2021
2023-03-31 06:02:51.319988,New York,96.10765754962878,34.66896426438555,428.91043525371936,2020
2023-03-31 06:02:51.319988,New Jersey,64.39801655611085,35.080952280420554,465.74673096345657,2022
2023-03-31 06:02:51.319988,Pennsylvania,56.23613965008472,28.654823509536048,394.1028220895882,2018
2023-03-31 06:02:51.319988,Illinois,37.20090468905146,28.196733904435675,179.60394600964733,2018
2023-03-31 06:02:51.319988,Michigan,22.977808700350472,37.98859030569198,335.23124574807275,2020
2023-03-31 06:02:51.319988,Arizona,39.53082612145441,33.398752715418034,144.89043019903872,2022
2023-03-31 06:02:51.319988,Colorado,16.81731347211824,25.31661327167496,241.7987645273918,2022
2023-03-31 06:02:51.319988,Virginia,15.373262082814236,33.509591762503504,111.50980854376913,2020
2023-04-30 06:02:51.319988,New York,66.74557268114883,27.615394322142848,614.5638346861366,2022
2023-04-30 06:02:51.319988,New Jersey,94.5789263259004,32.47264946683287,352.9191558575308,2019
2023-04-30 06:02:51.319988,Pennsylvania,26.924762178499865,35.765546881217524,470.01719785679785,2022
2023-04-30 06:02:51.319988,Illinois,59.80493785661967,39.71244633596788,364.6315236275061,2021
2023-04-30 06:02:51.319988,Michigan,55.33417732075662,26.296168531200042,289.63291607838636,2019
2023-04-30 06:02:51.319988,Arizona,45.86291875540717,28.578035534934312,220.39093123238223,2020
2023-04-30 06:02:51.319988,Colorado,46.76648756518933,31.28378486756618,292.7159117473511,2021
2023-04-30 06:02:51.319988,Virginia,18.330247996677787,38.82730906612133,113.16796274561551,2020
2023-05-31 06:02:51.319988,New York,49.732060383701025,31.048411721994995,338.6569939220176,2018
2023-05-31 06:02:51.319988,New Jersey,75.89000434695242,25.20360908667728,474.8423286623968,2022
2023-05-31 06:02:51.319988,Pennsylvania,42.7776693220902,29.621315502341005,106.31323591020605,2018
2023-05-31 06:02:51.319988,Illinois,28.52545398771039,35.8106849994145,163.50018738098208,2022
2023-05-31 06:02:51.319988,Michigan,54.78239234326573,30.006245685752685,356.81864858963155,2022
2023-05-31 06:02:51.319988,Arizona,18.523319396249146,29.10589441298304,110.06407901181504,2022
2023-05-31 06:02:51.319988,Colorado,34.608381244579945,28.976516639864943,119.21436727773633,2020
2023-05-31 06:02:51.319988,Virginia,39.021571007392176,39.07979314559212,127.27757417550143,2020
2023-06-30 06:02:51.319988,New York,50.5867792965648,37.66472863254944,595.1587106321612,2021
2023-06-30 06:02:51.319988,New Jersey,80.66232670737902,27.236376428647283,544.5377342984006,2022
2023-06-30 06:02:51.319988,Pennsylvania,49.14420554088616,29.489125325828375,361.20866088456523,2018
2023-06-30 06:02:51.319988,Illinois,22.62857718742129,32.944869137223854,152.76566633058027,2018
2023-06-30 06:02:51.319988,Michigan,24.47748513537251,38.815860923025014,86.12068989609504,2019
2023-06-30 06:02:51.319988,Arizona,19.497759276418194,37.63577159147587,327.45362786012066,2020
2023-06-30 06:02:51.319988,Colorado,25.976994411817557,39.337188356577414,63.65099186158197,2021
2023-06-30 06:02:51.319988,Virginia,31.953395277600077,37.88127673046965,126.53272551008908,2018
2023-07-31 06:02:51.319988,New York,103.52219064436309,25.16086213983875,702.6807375965955,2022
2023-07-31 06:02:51.319988,New Jersey,70.84559041536072,36.696310429540446,331.22801055900374,2019
2023-07-31 06:02:51.319988,Pennsylvania,47.80673935821542,35.8371999087803,238.44858882317942,2019
2023-07-31 06:02:51.319988,Illinois,20.062961413172935,34.453923115520226,393.70690897845014,2022
2023-07-31 06:02:51.319988,Michigan,43.443339031952,38.85608247383134,213.5840407866732,2019
2023-07-31 06:02:51.319988,Arizona,29.854163266053924,31.76358325839003,202.31955180318545,2018
2023-07-31 06:02:51.319988,Colorado,24.439749862874997,36.33975987628364,68.18205158445896,2021
2023-07-31 06:02:51.319988,Virginia,30.88529871912179,32.04251122282372,193.49488831179718,2020
2023-08-31 06:02:51.319988,New York,117.3528617615675,36.26224125954933,166.80993297512677,2020
2023-08-31 06:02:51.319988,New Jersey,75.87705024756772,31.243100494402707,293.9732704713953,2020
2023-08-31 06:02:51.319988,Pennsylvania,47.126001533704574,31.90880492663665,250.39364350964712,2018
2023-08-31 06:02:51.319988,Illinois,57.92001214372099,28.891427728984517,381.15802363920307,2019
2023-08-31 06:02:51.319988,Michigan,54.68503653886211,35.249028695746205,399.75368311978457,2020
2023-08-31 06:02:51.319988,Arizona,25.18968634414784,34.9281792830595,275.80684761045484,2021
2023-08-31 06:02:51.319988,Colorado,35.42712955335542,34.30986587573866,92.24381502526579,2021
2023-08-31 06:02:51.319988,Virginia,35.279109211412425,28.3971087620711,231.55474543412723,2020
2023-09-30 06:02:51.319988,New York,34.442069652579534,25.64604605178222,210.95347432052304,2020
2023-09-30 06:02:51.319988,New Jersey,56.02114858755265,25.120384086859545,470.7471516419758,2018
2023-09-30 06:02:51.319988,Pennsylvania,48.18200244090214,35.2776757386027,154.3876679005664,2022
2023-09-30 06:02:51.319988,Illinois,47.962804669204715,25.06118701009024,163.26407537589452,2021
2023-09-30 06:02:51.319988,Michigan,27.235675155159328,37.26155056810696,89.54064596486423,2022
2023-09-30 06:02:51.319988,Arizona,54.59003624058273,38.419554460748266,132.98926999447178,2018
2023-09-30 06:02:51.319988,Colorado,36.11426259026271,27.867134184497573,237.54414678110578,2020
2023-09-30 06:02:51.319988,Virginia,28.475320726414644,36.184912245844195,204.22874314356653,2018
2023-10-31 06:02:51.319988,New York,101.47085984954197,37.65965118066427,236.23241523283565,2020
2023-10-31 06:02:51.319988,New Jersey,36.23529265696343,39.69633431664346,326.7346772121527,2018
2023-10-31 06:02:51.319988,Pennsylvania,29.21827156720405,34.313527385765006,111.75724962416899,2018
2023-10-31 06:02:51.319988,Illinois,20.926897651355215,27.62621794211511,218.07855106451728,2019
2023-10-31 06:02:51.319988,Michigan,45.67107998588411,35.56628084560345,171.9084270034342,2018
2023-10-31 06:02:51.319988,Arizona,37.473977023693294,25.833565133025186,71.27700064218578,2021
2023-10-31 06:02:51.319988,Colorado,23.86553431479974,27.970523288067366,213.02701175760123,2018
2023-10-31 06:02:51.319988,Virginia,15.637684578553174,30.5432122890813,135.7978253091186,2018
2023-11-30 06:02:51.319988,New York,105.367738846678,25.575757092572054,212.8318970046076,2019
2023-11-30 06:02:51.319988,New Jersey,32.01623472794387,35.64545308674699,553.825164033475,2018
2023-11-30 06:02:51.319988,Pennsylvania,24.264522526325205,37.06963220458229,456.1754601711507,2018
2023-11-30 06:02:51.319988,Illinois,69.31344706806492,26.747035697519436,228.78638532495205,2018
2023-11-30 06:02:51.319988,Michigan,61.344155178760246,29.27074856259045,92.6800553501597,2021
2023-11-30 06:02:51.319988,Arizona,27.00948807057021,39.956689844763204,189.5334936309159,2019
2023-11-30 06:02:51.319988,Colorado,17.03930465966999,38.1605343110921,123.22442852902847,2022
2023-11-30 06:02:51.319988,Virginia,25.553876681934458,31.644403235502175,238.10578216234646,2021
2023-12-31 06:02:51.319988,New York,115.28071378091167,33.611302828175276,362.6338397518995,2020
2023-12-31 06:02:51.319988,New Jersey,57.2902068479104,25.752100533447866,198.62740254951746,2022
2023-12-31 06:02:51.319988,Pennsylvania,66.49314953958388,34.373868035011554,447.0340660301974,2018
2023-12-31 06:02:51.319988,Illinois,43.13689803424733,33.82757565763483,199.8659191945262,2019
2023-12-31 06:02:51.319988,Michigan,61.79294105279706,25.756509647625695,167.5001002142743,2021
2023-12-31 06:02:51.319988,Arizona,40.12703248785795,37.118936943155994,322.12109549624364,2022
2023-12-31 06:02:51.319988,Colorado,40.58730313383857,27.133797376804285,147.84883606698577,2020
2023-12-31 06:02:51.319988,Virginia,24.632862609931504,35.21330305827153,170.1895321244644,2019
2024-01-31 06:02:51.319988,New York,90.54007278536594,34.6730034941168,347.1519684291857,2021
2024-01-31 06:02:51.319988,New Jersey,71.80709614579264,34.33600498760838,555.7213560841062,2018
2024-01-31 06:02:51.319988,Pennsylvania,44.155915873757365,31.395311550044596,211.08499052625427,2019
2024-01-31 06:02:51.319988,Illinois,46.979871638184235,38.174881465484155,221.7442316273286,2019
2024-01-31 06:02:51.319988,Michigan,57.59762683795488,37.369752943509,144.71688874799608,2021
2024-01-31 06:02:51.319988,Arizona,27.177164013821404,38.85721607955191,181.71933314156635,2019
2024-01-31 06:02:51.319988,Colorado,23.256882406770483,31.435265688572798,132.44767185817886,2018
2024-01-31 06:02:51.319988,Virginia,33.22702256025345,34.60155739887577,133.28863662342698,2020
2024-02-29 06:02:51.319988,New York,97.36386233358056,27.680525980987724,261.7650603618857,2020
2024-02-29 06:02:51.319988,New Jersey,93.19064667623563,25.478431478212013,425.20624795094966,2022
2024-02-29 06:02:51.319988,Pennsylvania,74.76646627183196,39.44347727394353,271.1603622749433,2021
2024-02-29 06:02:51.319988,Illinois,69.04108736173828,28.74905058337765,180.39455278507313,2018
2024-02-29 06:02:51.319988,Michigan,51.07603975896267,38.520472652675195,80.91675288229344,2018
2024-02-29 06:02:51.319988,Arizona,28.224206278477077,27.063014357343086,349.86720346796875,2018
2024-02-29 06:02:51.319988,Colorado,14.62677990416746,29.00950132481142,105.05912643923106,2019
2024-02-29 06:02:51.319988,Virginia,37.96982810301913,28.33496028946606,223.53905195592048,2019
2024-03-31 06:02:51.319988,New York,32.954024784141765,39.76989731854944,652.0629167088422,2021
2024-03-31 06:02:51.319988,New Jersey,60.30386175539439,38.20382912105096,194.20965524435158,2020
2024-03-31 06:02:51.319988,Pennsylvania,34.32281340791015,37.21917465332213,264.5649735917751,2019
2024-03-31 06:02:51.319988,Illinois,21.375342672791326,36.650627070754666,218.63247271892376,2021
2024-03-31 06:02:51.319988,Michigan,43.434234525263776,26.776900468671876,133.60316434329704,2020
2024-03-31 06:02:51.319988,Arizona,37.605465653210324,37.79618297712788,184.91574296195398,2022
2024-03-31 06:02:51.319988,Colorado,36.972875223414974,25.930338437200827,217.0697983964261,2020
2024-03-31 06:02:51.319988,Virginia,10.493444668180619,26.019723698347125,123.78480625059869,2022
2024-04-30 06:02:51.319988,New York,82.41354666832001,38.65338787222619,272.9044431212228,2021
2024-04-30 06:02:51.319988,New Jersey,83.06519054235308,26.865170208282915,299.45157919910764,2019
2024-04-30 06:02:51.319988,Pennsylvania,43.93845106347451,36.76344888455008,360.6392389223311,2020
2024-04-30 06:02:51.319988,Illinois,20.216795868863766,38.36885991950132,254.064907996999,2018
2024-04-30 06:02:51.319988,Michigan,52.09473719979593,38.71209716073679,318.6098658260971,2022
2024-04-30 06:02:51.319988,Arizona,27.655838440017906,33.219852256970704,213.66793940115932,2021
2024-04-30 06:02:51.319988,Colorado,23.415451852639954,25.264811366413486,194.51317746065698,2022
2024-04-30 06:02:51.319988,Virginia,15.428370337780564,33.96963065936016,126.56606675077977,2019
2024-05-31 06:02:51.319988,New York,97.88522198002714,37.61444168913902,334.2507279834302,2020
2024-05-31 06:02:51.319988,New Jersey,66.25302971681803,33.38296729735241,392.7979273516582,2020
2024-05-31 06:02:51.319988,Pennsylvania,29.46997230829269,38.47263897497041,430.92380635188454,2019
2024-05-31 06:02:51.319988,Illinois,19.263225516972827,28.780571745887332,163.27775089332158,2020
2024-05-31 06:02:51.319988,Michigan,57.466688147834134,28.615593073393875,203.7484580228595,2018
2024-05-31 06:02:51.319988,Arizona,55.28786317230395,33.04624083753431,179.83564192676775,2020
2024-05-31 06:02:51.319988,Colorado,23.595891525163424,39.198604121806326,289.25457830451217,2022
2024-05-31 06:02:51.319988,Virginia,39.85690783098184,27.25506753604701,176.98891890231093,2020
2024-06-30 06:02:51.319988,New York,88.3075861907928,25.092200141885368,442.2369016987227,2018
2024-06-30 06:02:51.319988,New Jersey,60.82310686635163,36.379241351857715,437.99045108118656,2021
2024-06-30 06:02:51.319988,Pennsylvania,68.43999132617425,32.64890984746234,196.4815626507018,2019
2024-06-30 06:02:51.319988,Illinois,31.48037888181259,29.43621114138708,268.5598270420163,2021
2024-06-30 06:02:51.319988,Michigan,23.557696048378126,26.415944938102076,352.7919685233389,2018
2024-06-30 06:02:51.319988,Arizona,23.873353411030525,28.979192252561738,339.22001482036796,2022
2024-06-30 06:02:51.319988,Colorado,18.502631188724862,35.06668143235995,206.3220841879105,2021
2024-06-30 06:02:51.319988,Virginia,31.848911309707443,29.047191241023786,233.11361225426865,2018
2024-07-31 06:02:51.319988,New York,104.56913227696876,37.75705717118356,196.45250134169055,2021
2024-07-31 06:02:51.319988,New Jersey,47.07641862386429,31.33038382026916,358.13941916931736,2022
2024-07-31 06:02:51.319988,Pennsylvania,36.64131108067116,31.509700898410806,340.26733983615924,2018
2024-07-31 06:02:51.319988,Illinois,69.3502876293212,25.497832483102155,173.67922865501987,2020
2024-07-31 06:02:51.319988,Michigan,19.427316676696236,37.01884425448523,314.05995645410076,2019
2024-07-31 06:02:51.319988,Arizona,46.99524077067227,36.84410537122527,255.22803696716767,2021
2024-07-31 06:02:51.319988,Colorado,14.448001560247057,30.494198470108625,199.95827889320324,2018
2024-07-31 06:02:51.319988,Virginia,13.477907183040925,35.5376746865696,78.64816028429964,2019
2024-08-31 06:02:51.319988,New York,52.221589458902564,30.34166420197287,367.1463401507806,2019
2024-08-31 06:02:51.319988,New Jersey,32.067079466133315,26.668551655952857,590.7773090168677,2021
2024-08-31 06:02:51.319988,Pennsylvania,32.648849274444146,28.041701558166523,121.9210314199776,2020
2024-08-31 06:02:51.319988,Illinois,47.418263522507985,38.329905150960506,145.7593800343283,2021
2024-08-31 06:02:51.319988,Michigan,22.803572904489727,37.63479206777764,385.25050755621794,2021
2024-08-31 06:02:51.319988,Arizona,37.02257893812865,38.23465739369767,297.8259823939274,2022
2024-08-31 06:02:51.319988,Colorado,41.40522196016581,25.7590275995744,112.83540196456524,2019
2024-08-31 06:02:51.319988,Virginia,17.488911317662907,36.54932074709,227.51568728670037,2019
2024-09-30 06:02:51.319988,New York,75.86299915739,29.441293897710988,152.33939844420814,2022
2024-09-30 06:02:51.319988,New Jersey,44.165850594233696,30.00902647387636,516.5483139902707,2022
2024-09-30 06:02:51.319988,Pennsylvania,59.44457206063435,39.15433191448541,349.1686011445297,2021
2024-09-30 06:02:51.319988,Illinois,71.51830518110397,27.526987528051226,173.0759940415915,2020
2024-09-30 06:02:51.319988,Michigan,41.708394231286775,39.99984704640876,372.64269811410236,2021
2024-09-30 06:02:51.319988,Arizona,15.372676042138655,36.05098227278954,114.30077528904638,2020
2024-09-30 06:02:51.319988,Colorado,28.083167175068102,34.899915007479294,60.94482310160493,2020
2024-09-30 06:02:51.319988,Virginia,38.19439672489182,36.83009442342351,102.76389645228643,2022
2024-10-31 06:02:51.319988,New York,56.40971679755552,33.54874947400642,274.96770392967017,2020
2024-10-31 06:02:51.319988,New Jersey,57.28271069467081,36.75670976513957,439.3202789304672,2020
2024-10-31 06:02:51.319988,Pennsylvania,69.6065432309927,26.575182197394486,401.064146331903,2019
2024-10-31 06:02:51.319988,Illinois,36.8766980471426,27.744971049501167,113.50640169344022,2021
2024-10-31 06:02:51.319988,Michigan,41.25022238125507,28.327093589162196,108.06500113003261,2018
2024-10-31 06:02:51.319988,Arizona,45.24406513351143,30.787239619876573,349.5135880722006,2022
2024-10-31 06:02:51.319988,Colorado,27.063612741731475,33.84056008482906,197.69698684225733,2018
2024-10-31 06:02:51.319988,Virginia,18.79910143691607,29.416411379254072,177.33272906055254,2022
2024-11-30 06:02:51.319988,New York,48.41709103020419,38.444490653975635,318.41750114331415,2022
2024-11-30 06:02:51.319988,New Jersey,50.37791634617633,30.66372443009698,594.1647812491648,2021
2024-11-30 06:02:51.319988,Pennsylvania,49.681402970098574,25.22578614099044,499.3932539252206,2018
2024-11-30 06:02:51.319988,Illinois,24.245575328152693,29.4270169209256,289.04384646796893,2019
2024-11-30 06:02:51.319988,Michigan,49.70032699574073,28.42751056623679,210.88620534825424,2022
2024-11-30 06:02:51.319988,Arizona,34.046588514405066,26.106011048672617,209.70435996666313,2019
2024-11-30 06:02:51.319988,Colorado,41.260389004727486,38.089381446381054,139.93294083824696,2021
2024-11-30 06:02:51.319988,Virginia,33.28503314332707,35.73419630742305,223.88067230132606,2019
2024-12-31 06:02:51.319988,New York,118.56091631387127,37.69016007824412,164.71644540668922,2018
2024-12-31 06:02:51.319988,New Jersey,54.79544785811408,26.592894919027987,291.48270166084563,2019
2024-12-31 06:02:51.319988,Pennsylvania,25.306231160437967,33.904171916894484,218.08790648645436,2022
2024-12-31 06:02:51.319988,Illinois,24.207153999481708,27.76383350968851,375.5817176678416,2020
2024-12-31 06:02:51.319988,Michigan,44.79912014489242,39.359381066027446,101.45048570447987,2021
2024-12-31 06:02:51.319988,Arizona,52.054573333712064,39.680538297458455,123.70227772779324,2022
2024-12-31 06:02:51.319988,Colorado,28.019387081932422,36.45259727182281,93.30536281883512,2018
2024-12-31 06:02:51.319988,Virginia,15.932249446198433,37.121581699689244,56.826588880899976,2019
2025-01-31 06:02:51.319988,New York,45.154521323688535,35.56955841326964,743.6462673823958,2021
2025-01-31 06:02:51.319988,New Jersey,60.52659887719908,39.61677680177909,421.3741185756805,2021
2025-01-31 06:02:51.319988,Pennsylvania,75.6449563427467,33.35568112765468,432.55882771718495,2020
2025-01-31 06:02:51.319988,Illinois,71.40017300851567,39.282010801217226,326.81661780906984,2022
2025-01-31 06:02:51.319988,Michigan,31.695130948415983,31.430156125580574,382.9989502661345,2018
2025-01-31 06:02:51.319988,Arizona,48.59985445512827,28.027297434364947,266.23631496742786,2019
2025-01-31 06:02:51.319988,Colorado,37.19907099186803,35.41768689606225,140.2803092147117,2018
2025-01-31 06:02:51.319988,Virginia,22.276026751439932,38.12811224611569,175.25320991335053,2019
2025-02-28 06:02:51.319988,New York,90.33364799711586,26.819099180676496,401.062043611161,2021
2025-02-28 06:02:51.319988,New Jersey,82.28534725504991,25.69397999962151,375.1012674873904,2019
2025-02-28 06:02:51.319988,Pennsylvania,74.03886880050784,25.019458799777578,334.55891057947997,2022
2025-02-28 06:02:51.319988,Illinois,24.411677999922738,31.884176326572046,349.20087457354737,2022
2025-02-28 06:02:51.319988,Michigan,22.181111122070156,28.405292918747335,169.56758511949363,2019
2025-02-28 06:02:51.319988,Arizona,34.61860507930119,36.08932606332307,174.18216339730785,2022
2025-02-28 06:02:51.319988,Colorado,32.92289675769608,39.672074630675844,192.26459613150504,2021
2025-02-28 06:02:51.319988,Virginia,24.76512128767153,36.833435148468666,214.0038325446275,2021
2025-03-31 06:02:51.319988,New York,71.46721921072286,35.02024354062911,343.0952074246313,2018
2025-03-31 06:02:51.319988,New Jersey,58.139766719486616,33.734740659513115,507.4440816397408,2021
2025-03-31 06:02:51.319988,Pennsylvania,59.779929133411,36.38857618867669,344.2621967120721,2022
2025-03-31 06:02:51.319988,Illinois,20.868954547609135,29.275031772913973,410.7782916160629,2019
2025-03-31 06:02:51.319988,Michigan,62.96605779819981,32.47508623616105,291.4689504536261,2020
2025-03-31 06:02:51.319988,Arizona,33.45548420248798,30.227922383650753,242.7725421754054,2020
2025-03-31 06:02:51.319988,Colorado,35.67600684496353,35.858766480313804,265.3611694386064,2020
2025-03-31 06:02:51.319988,Virginia,23.214144270964116,25.16253524961015,225.39194911817637,2020
2025-04-30 06:02:51.319988,New York,37.46992038935319,31.962407268269654,242.9692274568736,2021
2025-04-30 06:02:51.319988,New Jersey,39.02702640410051,35.42195121736994,190.2577943300494,2020
2025-04-30 06:02:51.319988,Pennsylvania,25.519293528500757,29.52472326137933,429.6311534177201,2020
2025-04-30 06:02:51.319988,Illinois,47.58147468059738,28.33166785407801,379.273265333389,2019
2025-04-30 06:02:51.319988,Michigan,20.90621945128555,35.87879351848805,366.44508967158544,2020
2025-04-30 06:02:51.319988,Arizona,49.63481850915798,26.833111106873773,153.56752988737134,2022
2025-04-30 06:02:51.319988,Colorado,31.160391324507934,29.33796803121566,85.412666365058,2019
2025-04-30 06:02:51.319988,Virginia,37.498223644973216,39.52712194940567,217.86953914511867,2019
2025-05-31 06:02:51.319988,New York,34.8957054186301,36.60711166243461,680.269677905243,2020
2025-05-31 06:02:51.319988,New Jersey,42.356657051408234,35.8851650088724,382.3314435663183,2022
2025-05-31 06:02:51.319988,Pennsylvania,49.46678331774178,39.346003333875395,358.9600656710012,2020
2025-05-31 06:02:51.319988,Illinois,18.582090330773877,39.23429000637445,436.24447531586395,2019
2025-05-31 06:02:51.319988,Michigan,27.557812889320953,34.38865286826748,295.57126161889613,2022
2025-05-31 06:02:51.319988,Arizona,35.472543418219466,33.825690670629385,262.2882897936443,2022
2025-05-31 06:02:51.319988,Colorado,20.72333903998913,33.06091488300433,290.7789968000023,2021
2025-05-31 06:02:51.319988,Virginia,25.09086141460636,37.646600928612905,183.73664324148928,2018
2025-06-30 06:02:51.319988,New York,100.09485899232136,39.129534444573004,502.05109207804,2022
2025-06-30 06:02:51.319988,New Jersey,64.89884944839372,31.617447706651046,156.06736376010414,2019
2025-06-30 06:02:51.319988,Pennsylvania,39.3632917414245,27.296454889711562,315.8437323491941,2022
2025-06-30 06:02:51.319988,Illinois,58.73349501241145,26.036158769761197,333.0797280959369,2019
2025-06-30 06:02:51.319988,Michigan,25.12662241731167,29.72781606846833,304.2487424377942,2020
2025-06-30 06:02:51.319988,Arizona,19.667057482850886,37.11035181306296,296.28687712207756,2019
2025-06-30 06:02:51.319988,Colorado,43.595728373770775,38.29704127721451,196.01025010463792,2021
2025-06-30 06:02:51.319988,Virginia,30.4068970244931,28.322166570671673,122.34167400368014,2019
2025-07-31 06:02:51.319988,New York,82.7008387081573,27.59189809510979,567.6828644059968,2021
2025-07-31 06:02:51.319988,New Jersey,73.3846449374679,28.7864882910474,432.4821443772468,2020
2025-07-31 06:02:51.319988,Pennsylvania,34.10312709810356,27.206434881945192,354.23019738219443,2020
2025-07-31 06:02:51.319988,Illinois,49.219229861750776,38.7310092635783,390.0041137680394,2019
2025-07-31 06:02:51.319988,Michigan,20.37755642191704,30.360554385874824,238.96992805211076,2022
2025-07-31 06:02:51.319988,Arizona,47.704441526791996,25.77005886991329,165.39644106355775,2021
2025-07-31 06:02:51.319988,Colorado,47.168108489380515,30.911328806532527,124.67482068830111,2022
2025-07-31 06:02:51.319988,Virginia,24.493245887273616,28.425210618373473,132.4048139642779,2020
2025-08-31 06:02:51.319988,New York,74.68380107220595,35.032506043427205,705.6666685154507,2019
2025-08-31 06:02:51.319988,New Jersey,27.904163794899066,25.79276571079626,252.60351622146612,2021
2025-08-31 06:02:51.319988,Pennsylvania,72.41042539721772,32.66977631093996,235.97365297203456,2021
2025-08-31 06:02:51.319988,Illinois,36.73311823040309,27.603661016859533,209.82422744716118,2020
2025-08-31 06:02:51.319988,Michigan,19.690689104590284,36.32419200204592,345.20538184166423,2020
2025-08-31 06:02:51.319988,Arizona,32.85362767998018,26.522776668794656,137.21546929223956,2022
2025-08-31 06:02:51.319988,Colorado,41.46438687596064,30.424533962410887,262.4445780171893,2018
2025-08-31 06:02:51.319988,Virginia,17.850756314167203,28.66312174177614,208.27526410884298,2019
2025-09-30 06:02:51.319988,New York,84.96202341518989,36.25332217426337,644.3645702801355,2018
2025-09-30 06:02:51.319988,New Jersey,32.25441916046596,36.659236235242,585.4568835205896,2022
2025-09-30 06:02:51.319988,Pennsylvania,73.38935083337596,26.035945623928015,137.74450642850758,2022
2025-09-30 06:02:51.319988,Illinois,51.776450040142905,32.537255129332195,340.80942370767445,2020
2025-09-30 06:02:51.319988,Michigan,17.630288321465954,29.737718957282105,389.9328708586341,2018
2025-09-30 06:02:51.319988,Arizona,17.65034110202599,33.471696035296716,245.7256688119385,2019
2025-09-30 06:02:51.319988,Colorado,13.849234536022381,27.522059316047198,281.69834740653204,2019
2025-09-30 06:02:51.319988,Virginia,13.594060711939637,38.7373659414054,133.14357171208636,2018
2025-10-31 06:02:51.319988,New York,36.40786805189815,32.19533833269436,228.73408269784147,2020
2025-10-31 06:02:51.319988,New Jersey,81.51087527355953,35.66691654931159,224.07498645628786,2019
2025-10-31 06:02:51.319988,Pennsylvania,60.31987445772467,31.40615695839537,184.3957152003225,2020
2025-10-31 06:02:51.319988,Illinois,64.48844176606475,32.39463984068429,135.09881675239222,2019
2025-10-31 06:02:51.319988,Michigan,59.33488777449793,32.070408171701025,210.14202762282855,2022
2025-10-31 06:02:51.319988,Arizona,48.36097944159754,36.25944810561277,252.82596024052145,2022
2025-10-31 06:02:51.319988,Colorado,21.619583507057367,32.85752203610837,70.47841083488464,2019
2025-10-31 06:02:51.319988,Virginia,14.680533073117422,25.456605786824156,120.49603323465072,2018
2025-11-30 06:02:51.319988,New York,36.886136409312456,32.30366793185945,667.7327246577848,2019
2025-11-30 06:02:51.319988,New Jersey,32.86179428842448,33.413937766872,183.21372958775004,2018
2025-11-30 06:02:51.319988,Pennsylvania,75.51562783432287,37.70908908940993,358.8435470364755,2022
2025-11-30 06:02:51.319988,Illinois,30.034583130485167,29.025466417483788,242.66719631821226,2019
2025-11-30 06:02:51.319988,Michigan,53.94479274789015,36.90330777888279,326.58642306776545,2021
2025-11-30 06:02:51.319988,Arizona,37.72149829135697,27.04458400845118,288.2419335673686,2018
2025-11-30 06:02:51.319988,Colorado,29.39900270535918,27.223716079915793,220.66769645879268,2022
2025-11-30 06:02:51.319988,Virginia,36.781940962976776,36.93817199416743,245.8798125060696,2022
2025-12-31 06:02:51.319988,New York,72.6681348053117,39.382436115979566,270.2201117244692,2018
2025-12-31 06:02:51.319988,New Jersey,58.55682717698385,25.569709028125367,582.6370602181262,2019
2025-12-31 06:02:51.319988,Pennsylvania,52.68507414285587,37.79810862842227,490.4116996368802,2019
2025-12-31 06:02:51.319988,Illinois,57.84722803549614,39.26231633931189,284.09814578380605,2022
2025-12-31 06:02:51.319988,Michigan,32.573008565063894,37.32319390244457,154.47889958251264,2020
2025-12-31 06:02:51.319988,Arizona,39.25528358373994,32.447830940385415,270.4731745002368,2018
2025-12-31 06:02:51.319988,Colorado,27.808348645773236,36.15158410889657,83.88970411376286,2018
2025-12-31 06:02:51.319988,Virginia,17.537083195386124,38.038630803177234,158.14348133493309,2020
2026-01-31 06:02:51.319988,New York,47.877683649054546,25.72946654219876,207.41607802884585,2019
2026-01-31 06:02:51.319988,New Jersey,25.449663327542375,30.45614813433559,477.7630242383734,2018
2026-01-31 06:02:51.319988,Pennsylvania,71.43110058396526,27.884725409037483,487.7708887539763,2022
2026-01-31 06:02:51.319988,Illinois,66.56470736605331,27.400069871893656,343.7287421623683,2021
2026-01-31 06:02:51.319988,Michigan,20.72583730464012,39.82994463215964,347.40565996362926,2019
2026-01-31 06:02:51.319988,Arizona,43.311404551498384,32.86200532754485,168.7953832131059,2022
2026-01-31 06:02:51.319988,Colorado,15.216737291850308,35.663241969288364,96.99213689451166,2022
2026-01-31 06:02:51.319988,Virginia,24.03048645452994,36.53705413271072,207.08590294864945,2018
